#{"t_start": 1744852308.4564278, "env_id": "None"}
r,l,t
-23.0,237,5.956513
-48.0,243,6.451416
-23.0,255,7.214191
-21.0,265,7.804815
-22.5,244,12.661883
-23.0,245,13.10335
-22.5,239,13.728423
-21.5,260,14.347875
-22.5,248,20.720571
-23.0,245,20.971462
-21.5,250,21.654005
-22.0,268,22.110087
-22.0,239,28.234425
-47.5,242,28.802113
-22.5,243,29.377681
-21.5,252,31.530661
-22.5,242,36.892641
-47.0,256,37.274802
-47.5,252,38.14634
-48.0,226,38.703061
-48.5,235,42.863939
-47.0,257,43.432336
-47.5,246,44.008282
-47.5,244,44.501849
-22.5,254,49.403985
-21.5,218,49.404082
-22.5,271,50.036666
-22.0,265,50.849335
-48.5,263,55.566768
-48.0,264,55.623559
-22.5,237,55.865422
-23.0,231,56.306811
-22.0,242,61.822941
-22.5,261,62.75579
-47.5,263,63.338835
-22.5,247,63.487162
-23.0,234,67.68586
-22.5,230,67.984446
-21.5,259,68.125848
-22.5,258,68.642699
-48.0,240,72.988616
-48.5,262,73.619869
-48.0,272,73.740814
-22.5,285,74.336322
-48.0,260,78.867291
-21.5,238,79.060146
-48.5,242,79.509062
-48.0,233,79.93264
-23.0,238,86.340169
-22.0,255,87.045589
-48.0,276,87.493901
-23.5,264,88.390253
-48.5,246,92.541139
-23.0,263,93.344523
-47.5,263,93.897665
-21.5,267,95.36006
-23.0,269,99.364624
-22.5,263,100.664181
-48.5,253,100.879218
-48.0,267,101.705734
-22.5,249,105.140732
-47.5,269,106.779867
-48.0,268,106.971817
-47.5,245,108.381033
-48.5,253,114.752279
-48.0,281,116.088057
-48.5,297,117.03639
-47.5,282,117.844914
-47.0,280,122.37716
-23.0,249,124.823002
-47.5,271,126.101655
-22.5,288,126.787862
-22.5,287,131.282336
-22.0,278,132.28826
-22.5,277,132.936073
-22.0,264,133.399677
-48.5,301,138.925397
-48.0,282,140.937574
-23.0,283,141.731342
-22.0,292,142.868853
-48.5,281,147.40253
-23.0,264,148.046812
-21.5,280,149.006291
-23.0,280,150.215014
-48.5,260,154.171735
-19.5,278,155.299455
-48.5,271,155.917301
-48.5,283,157.060643
-48.0,275,161.167876
-23.0,280,161.892435
-22.5,292,163.55898
-22.0,288,164.975079
-21.5,268,170.750625
-48.0,281,172.255843
-22.0,296,174.457991
-48.0,281,175.118341
-21.0,274,179.592215
-20.5,285,181.125618
-22.0,290,182.856324
-21.5,293,184.289701
-22.5,306,187.938307
-22.5,294,190.2462
-21.5,275,192.421571
-22.0,276,193.346529
-47.5,285,199.231198
-22.5,305,201.462621
-48.5,297,202.911962
-48.0,318,205.449667
-21.0,288,208.962118
-47.5,289,210.366859
-22.0,301,211.562962
-20.5,295,212.95304
-48.0,306,216.608061
-23.0,270,217.888942
-22.0,302,220.25896
-21.5,329,221.65519
-48.0,265,224.046973
-48.5,309,225.993335
-21.5,299,227.907572
-22.5,295,230.050559
-47.5,297,233.356253
-22.0,320,235.811941
-21.5,295,237.155764
-23.0,297,239.160263
-48.0,309,241.712319
-22.5,284,243.89642
-47.5,307,246.319591
-22.5,296,248.641061
-48.0,293,251.133382
-22.5,305,253.568509
-23.0,300,255.985708
-48.5,314,257.995409
-47.5,300,260.401472
-21.5,305,262.879731
-48.5,268,265.942113
-47.5,319,269.64994
-23.0,308,270.872725
-48.0,268,272.870247
-22.0,292,274.886441
-48.5,292,278.38244
-22.0,310,280.311116
-47.0,285,281.531712
-48.5,270,282.010701
-48.0,283,284.908193
-22.0,295,287.947054
-22.5,319,287.94712
-47.5,298,288.878031
-48.5,268,292.902102
-48.0,278,298.342404
-21.5,320,299.119924
-22.0,303,300.59252
-22.0,274,302.814101
-22.0,293,306.040133
-22.0,296,307.696604
-47.5,330,309.901024
-48.5,289,311.306605
-22.5,276,315.076661
-22.5,310,317.435429
-47.5,280,319.222947
-48.0,303,320.998438
-48.0,313,327.054529
-23.0,322,331.286078
-21.5,318,333.121467
-23.5,320,334.015487
-48.0,312,338.334436
-22.5,329,341.277293
-22.0,317,342.198964
-23.0,333,343.96259
-22.5,296,345.93525
-22.5,317,352.246211
-21.5,300,352.99865
-21.5,313,354.386061
-21.0,334,357.869337
-22.0,316,361.218915
-48.0,327,361.219005
-48.5,313,364.449517
-22.0,315,368.581017
-48.5,309,372.03593
-21.5,321,372.859746
-21.5,326,374.045548
-48.0,323,377.132521
-47.5,318,381.262562
-22.5,332,381.381462
-48.0,279,382.164667
-23.5,315,386.459207
-47.5,317,389.867226
-22.0,327,390.416422
-47.5,303,391.369982
-48.5,307,397.219025
-22.0,290,401.206838
-22.5,314,402.163297
-48.0,304,402.939955
-21.5,308,408.877339
-21.5,317,414.289005
-19.5,316,414.984977
-22.0,309,415.896819
-22.0,314,419.563659
-22.0,314,423.044724
-48.5,335,423.919024
-21.5,327,424.402317
-23.0,304,427.726926
-48.5,320,432.874075
-21.0,314,434.373213
-23.0,322,434.424022
-21.0,309,438.652385
-48.0,326,442.542889
-47.5,328,443.714075
-21.5,337,444.230651
-48.0,340,448.456937
-21.5,319,452.827242
-21.5,332,453.574872
-48.0,342,454.415009
-47.5,332,458.357368
-22.5,361,463.998317
-22.5,319,464.73305
-22.0,330,465.683247
-21.0,316,468.834882
-20.5,340,473.191293
-22.0,340,474.015881
-23.0,342,475.838164
-47.5,327,478.131301
-21.5,326,483.761975
-48.0,332,484.483001
-22.5,349,486.404652
-22.5,333,489.182487
-48.5,346,496.220193
-21.0,333,496.514492
-22.0,322,498.277721
-22.0,341,500.799997
-47.5,334,505.923388
-47.5,343,506.275699
-22.0,342,507.97092
-47.5,353,511.315193
-47.5,330,515.458844
-22.0,351,516.3947
-47.5,330,517.270428
-21.5,336,520.893354
-47.5,349,526.761586
-47.0,355,527.964166
-20.0,345,529.019507
-20.0,361,533.22512
-22.5,335,537.398648
-48.0,338,538.335578
-20.5,341,539.018249
-22.5,339,544.168114
-21.5,322,548.713729
-21.0,351,548.953318
-48.0,358,550.40892
-21.5,334,553.022071
-47.5,329,559.098642
-22.5,339,559.907311
-48.0,339,561.653228
-22.0,336,564.497088
-22.0,339,569.552266
-47.0,335,570.287515
-21.5,335,571.408917
-48.0,342,574.318862
-21.5,338,578.380654
-22.0,362,579.385926
-22.0,353,581.416817
-22.5,345,584.423163
-20.5,346,591.634169
-47.5,334,591.771841
-21.5,341,593.513187
-22.0,350,596.749975
-47.5,330,601.950972
-47.5,348,603.063056
-22.5,350,604.549428
-47.0,350,608.274957
-47.0,350,612.21473
-19.5,343,612.953677
-47.5,344,614.587006
-21.5,346,617.890936
-47.0,345,624.285046
-48.5,343,625.129581
-21.5,332,626.050771
-21.0,335,629.187518
-22.5,338,635.036149
-47.5,349,635.036217
-47.5,360,637.632368
-22.5,329,640.120988
-47.0,329,645.798266
-22.0,362,646.905611
-22.5,353,648.950891
-21.5,356,651.973986
-22.5,350,659.054245
-47.5,334,660.037498
-22.0,342,662.17153
-21.5,340,664.74612
-22.5,352,670.976893
-20.5,349,671.640279
-22.5,362,673.832714
-21.5,359,677.034348
-21.0,338,682.624978
-48.0,354,682.791172
-21.5,360,684.766201
-20.5,343,686.251569
-46.5,340,693.949036
-48.0,344,694.157052
-47.0,351,696.995772
-47.0,360,698.602173
-47.0,354,704.251088
-21.0,356,704.599652
-22.0,352,707.17538
-22.5,359,709.04791
-22.0,330,714.036462
-21.0,367,715.667915
-47.0,357,718.815921
-21.0,362,722.379677
-22.5,374,728.716104
-48.0,362,729.555578
-48.0,344,731.710378
-47.5,358,734.525453
-46.5,349,739.573749
-21.0,341,740.647327
-21.0,345,742.283471
-22.5,363,745.614793
-23.0,360,750.723466
-22.5,356,751.450689
-21.0,377,754.033103
-22.0,364,757.310723
-21.5,343,760.869988
-47.5,356,761.255243
-22.0,341,763.432378
-19.5,342,767.188962
-48.0,353,773.761714
-47.5,356,774.684608
-48.0,343,775.862453
-22.5,356,780.077286
-21.0,335,784.346892
-21.5,357,785.571522
-21.5,343,787.376379
-22.0,350,793.042091
-48.5,322,795.405838
-22.0,347,797.48658
-22.5,360,799.811112
-47.0,353,803.649368
-48.0,345,804.977316
-22.0,334,807.044665
-22.5,372,812.339028
-22.0,344,814.826031
-21.0,346,818.265013
-23.0,361,821.572083
-47.5,345,827.097965
-22.5,355,829.605985
-47.5,335,832.169173
-21.5,354,834.57172
-47.5,350,838.405706
-48.0,355,840.553801
-21.5,360,843.054879
-22.0,346,844.57281
-21.5,364,850.082003
-21.5,363,852.836879
-21.5,367,855.011821
-21.5,366,857.757897
-23.0,343,861.705085
-19.0,363,865.561301
-48.0,354,867.327977
-47.0,361,869.895239
-22.0,360,872.420912
-47.5,357,875.417775
-21.0,366,876.532226
-48.0,349,878.66312
-48.0,354,881.928821
-21.5,347,884.918441
-21.5,332,886.519012
-47.0,358,889.463655
-22.5,369,895.343286
-21.5,358,897.938828
-22.5,350,900.045172
-22.5,337,901.704047
-48.0,366,907.809924
-23.5,362,911.56637
-48.0,371,912.870149
-20.5,360,913.941278
-47.0,342,919.265167
-47.5,362,923.561162
-23.0,355,925.129219
-22.0,339,927.675349
-21.5,371,934.246644
-22.5,364,937.766819
-22.5,350,939.531775
-22.0,338,940.263522
-22.5,365,947.098675
-22.0,354,950.065838
-22.0,325,951.60543
-21.0,368,952.754796
-22.5,371,959.694843
-22.0,332,961.634528
-21.5,367,962.817181
-48.5,340,966.499124
-47.5,349,974.333838
-22.5,369,976.632344
-21.5,364,977.988431
-21.0,357,979.584303
-47.5,366,987.618682
-22.0,365,989.840563
-21.5,365,991.245897
-22.0,363,992.715764
-48.0,362,999.781082
-21.0,357,1003.251086
-23.0,361,1004.579456
-22.0,349,1005.948932
-22.5,346,1013.05042
-22.5,365,1016.367882
-21.5,353,1017.108942
-48.5,380,1018.562425
-22.0,362,1025.940481
-22.0,360,1028.142992
-23.0,361,1028.846182
-47.0,360,1030.782564
-48.0,373,1038.210294
-22.0,346,1042.361063
-21.5,360,1042.992932
-22.5,368,1045.089496
-47.0,346,1052.42276
-21.0,342,1054.903546
-23.0,371,1056.393793
-22.0,348,1057.465455
-21.0,349,1063.647472
-21.5,368,1067.071476
-22.5,362,1068.503578
-47.5,359,1069.601753
-22.5,383,1077.566502
-22.0,358,1079.720439
-21.5,379,1081.574794
-21.0,364,1082.623239
-21.0,365,1089.912916
-21.0,366,1093.445907
-22.5,375,1096.06504
-22.5,384,1096.883727
-20.5,369,1104.411291
-20.0,380,1108.433353
-22.5,393,1110.884686
-21.0,365,1111.889996
-47.0,355,1119.974341
-21.0,366,1123.074984
-21.0,356,1125.180126
-21.5,373,1125.929643
-22.0,376,1133.94816
-21.5,361,1136.712087
-22.0,355,1138.874509
-21.5,369,1139.58584
-22.5,362,1146.115809
-20.0,347,1148.908827
-47.0,345,1151.501406
-21.0,355,1151.68676
-20.5,360,1159.510203
-21.5,347,1162.048546
-21.0,357,1164.839197
-48.0,361,1165.02031
-21.5,362,1171.347662
-19.5,362,1174.280331
-22.0,366,1176.588013
-22.5,371,1176.880877
-21.0,366,1184.177825
-20.5,353,1187.512647
-21.5,361,1191.291298
-48.0,382,1192.743655
-21.5,369,1199.976879
-21.5,379,1203.433361
-20.5,369,1206.139477
-22.0,385,1208.602954
-20.0,385,1214.873229
-22.0,363,1217.050962
-21.5,382,1219.875572
-47.5,373,1222.3181
-21.0,380,1229.327262
-22.5,358,1233.388033
-22.5,371,1238.000382
-21.5,365,1239.776589
-21.5,365,1245.558247
-22.0,376,1248.08996
-20.5,374,1251.210388
-22.5,368,1253.108584
-22.0,369,1260.058837
-20.5,361,1261.981424
-21.5,362,1266.906541
-22.0,378,1268.012193
-21.5,371,1276.004452
-22.5,360,1277.422986
-22.5,382,1283.060238
-21.0,369,1284.676463
-21.0,350,1290.561973
-22.0,367,1292.044436
-22.0,379,1298.311813
-47.0,368,1299.304034
-20.5,366,1305.461982
-22.0,371,1306.933213
-48.0,367,1313.401034
-21.0,364,1314.196394
-21.5,363,1321.465395
-22.0,379,1323.436599
-21.5,355,1328.008786
-21.5,368,1328.469599
-21.0,384,1335.351652
-23.0,351,1337.272592
-20.5,362,1343.924826
-23.5,371,1345.381487
-21.5,352,1351.274993
-20.5,370,1353.182738
-48.0,349,1359.704
-20.5,372,1360.586736
-21.0,366,1367.69469
-22.0,349,1369.548239
-21.5,362,1377.858564
-21.0,358,1378.531436
-21.0,371,1384.582156
-21.5,381,1386.432766
-21.5,359,1390.501225
-22.0,366,1390.75788
-20.0,359,1397.577324
-21.0,369,1400.815938
-48.5,355,1405.205222
-48.5,372,1406.987
-22.0,369,1414.624129
-22.0,363,1417.478714
-21.0,355,1423.198386
-22.5,384,1426.069325
-21.0,358,1433.671352
-21.5,368,1435.589269
-22.0,384,1441.617467
-21.0,360,1443.022115
-22.5,366,1450.121447
-21.5,352,1453.731567
-22.0,357,1459.373098
-22.5,369,1461.26868
-21.0,364,1467.731072
-23.0,378,1470.304668
-21.5,369,1475.308414
-48.0,363,1476.968439
-22.5,365,1483.458085
-22.5,349,1484.878439
-22.5,371,1491.496578
-22.0,354,1492.605817
-48.0,362,1500.919308
-21.0,367,1502.396157
-21.0,365,1509.107506
-23.0,363,1509.907917
-47.0,337,1516.059971
-22.0,350,1517.982027
-21.5,343,1524.778213
-21.0,356,1526.158534
-21.5,357,1532.732996
-22.5,326,1534.207195
-20.5,349,1540.849278
-22.5,361,1542.35873
-21.5,353,1550.304364
-20.5,344,1550.91098
-21.5,367,1557.369612
-21.0,369,1558.882959
-20.0,334,1564.933315
-20.0,344,1565.5318
-22.0,368,1572.034219
-22.0,364,1574.124681
-21.0,366,1579.313604
-21.5,381,1580.421426
-21.5,353,1587.161457
-47.0,362,1589.361914
-20.5,350,1596.00196
-21.0,349,1597.170169
-47.0,370,1603.699392
-22.0,356,1606.385892
-22.0,342,1610.207001
-22.5,363,1611.653768
-22.5,353,1618.143147
-21.5,349,1620.15059
-20.5,364,1624.883409
-22.0,371,1626.642427
-47.0,350,1633.925035
-48.0,368,1637.03043
-21.0,328,1640.361587
-21.5,352,1641.067014
-21.5,349,1648.141403
-47.5,367,1651.445065
-22.5,345,1654.626334
-22.5,353,1655.000674
-22.0,343,1663.144172
-21.5,351,1667.702856
-21.0,362,1670.83732
-22.0,371,1671.697453
-21.5,358,1681.14131
-48.0,346,1684.346384
-22.0,345,1688.816056
-22.5,386,1691.942978
-21.0,345,1698.948179
-21.0,366,1702.013931
-20.5,352,1705.564641
-22.5,344,1708.326759
-22.5,358,1716.73185
-21.5,372,1721.138812
-19.5,321,1724.335358
-21.5,360,1724.335426
-22.5,376,1734.253232
-23.0,349,1738.585336
-21.0,353,1741.675605
-20.5,370,1743.363547
-20.5,355,1753.950549
-48.5,362,1757.069101
-19.5,330,1758.851135
-20.5,355,1761.019615
-22.0,368,1770.661832
-22.0,354,1773.592922
-21.5,351,1775.647556
-21.0,352,1778.403816
-22.0,357,1789.947676
-23.0,371,1793.308722
-21.0,362,1794.953174
-22.0,362,1798.540735
-48.5,379,1809.26211
-22.0,364,1812.249234
-21.5,367,1813.50741
-23.0,359,1816.017252
-20.5,361,1825.203858
-21.0,373,1827.683245
-20.0,347,1829.100572
-21.5,358,1831.487313
-22.5,343,1842.904046
-21.5,345,1846.245243
-21.5,351,1848.020891
-22.5,357,1851.515907
-21.0,374,1862.376555
-22.5,364,1864.101947
-23.0,374,1865.746261
-21.0,354,1867.561018
-23.0,368,1880.340806
-20.0,373,1882.358354
-22.5,359,1883.753821
-21.0,358,1886.725509
-22.0,358,1901.911356
-21.5,365,1903.639294
-20.5,361,1904.96411
-21.5,364,1906.905007
-22.0,370,1917.4299
-47.5,377,1919.15994
-21.5,378,1920.813061
-21.0,373,1922.859872
-20.5,369,1933.67723
-21.5,362,1936.625306
-20.0,363,1938.171913
-20.5,372,1939.949458
-21.0,378,1950.795198
-20.5,377,1952.631117
-23.0,372,1953.575797
-21.5,366,1955.506054
-21.0,358,1965.857538
-21.5,368,1968.100041
-22.0,377,1968.235656
-20.5,371,1969.945543
-20.0,359,1981.196258
-47.5,361,1984.71279
-47.0,388,1986.334529
-47.5,377,1988.736457
-21.5,367,1998.670832
-20.5,367,2002.571002
-20.0,368,2004.363082
-20.5,369,2006.319448
-21.0,368,2015.178717
-20.0,368,2018.438997
-22.5,374,2020.72194
-21.0,369,2022.682524
-19.5,376,2033.699397
-21.5,390,2037.36211
-20.5,374,2039.614495
-20.0,378,2041.609302
-20.0,365,2050.770539
-19.5,343,2054.903909
-22.0,377,2058.575097
-20.5,356,2058.846134
-21.0,356,2067.98246
-21.0,380,2072.454767
-21.5,356,2075.349715
-22.0,368,2076.644142
-20.5,370,2086.098578
-21.0,363,2089.767968
-20.0,351,2091.981569
-22.0,373,2093.476253
-21.0,384,2103.084918
-20.5,384,2105.028619
-21.5,353,2106.480953
-20.5,373,2107.589512
-21.0,375,2118.050845
-20.0,366,2121.401958
-20.0,377,2121.879579
-20.0,392,2122.529765
-20.5,384,2135.220976
-19.5,367,2137.108552
-22.5,380,2139.059613
-20.0,378,2139.556221
-20.0,361,2149.893389
-20.0,356,2151.868881
-20.0,370,2153.836807
-22.5,380,2155.695296
-20.0,358,2167.893014
-22.0,367,2171.717688
-21.0,357,2173.617609
-20.0,381,2176.50945
-20.0,370,2187.915889
-20.5,371,2191.60395
-21.0,370,2193.427394
-20.5,384,2197.129185
-21.5,387,2210.178807
-21.5,362,2213.827718
-22.0,378,2215.63592
-20.0,363,2219.385108
-20.0,373,2232.956278
-19.5,384,2237.131007
-21.5,390,2239.33635
-20.0,373,2241.932826
-21.0,387,2253.925167
-21.0,380,2256.485479
-21.5,372,2258.559589
-21.0,389,2262.449379
-21.0,392,2274.420519
-21.0,384,2277.109178
-21.0,375,2279.052815
-21.5,391,2284.885046
-20.5,386,2297.677315
-20.0,389,2301.411809
-22.0,404,2303.15227
-22.5,394,2307.282028
-22.0,395,2318.977521
-20.5,365,2322.732432
-21.0,387,2324.876724
-20.5,405,2329.270519
-20.5,388,2343.801011
-21.5,390,2346.970903
-22.0,384,2348.657257
-20.0,380,2352.324239
-20.0,373,2365.31879
-20.0,388,2369.744421
-21.5,393,2371.396766
-21.0,385,2374.984566
-47.5,398,2389.978207
-21.5,396,2393.445377
-21.5,370,2395.757575
-20.5,365,2399.457394
-20.0,387,2413.611942
-21.0,379,2415.704209
-20.5,379,2417.259879
-22.0,381,2419.090821
-48.5,409,2434.802562
-20.5,370,2435.517863
-20.0,384,2436.987806
-20.5,394,2438.995063
-21.0,369,2454.337138
-21.5,401,2456.297052
-20.5,374,2457.841034
-20.5,375,2460.950767
-20.5,372,2474.171754
-21.0,377,2475.795136
-21.0,391,2477.302403
-22.5,401,2480.286636
-20.5,389,2492.041412
-19.5,373,2494.194994
-20.0,388,2496.234094
-22.0,390,2499.203368
-20.5,378,2510.016064
-21.5,410,2512.162595
-21.0,388,2514.008274
-22.0,398,2517.396868
-20.5,378,2525.888114
-19.5,398,2526.329426
-21.5,377,2528.742568
-20.0,389,2532.618047
-21.5,386,2543.429368
-22.5,392,2543.882334
-20.5,407,2548.059243
-21.0,407,2552.403424
-20.0,381,2564.424102
-21.5,392,2565.718277
-22.0,385,2569.648768
-21.5,380,2573.927972
-20.5,375,2583.454109
-22.5,386,2583.90599
-21.5,388,2586.15289
-19.5,358,2588.378943
-21.0,389,2598.836232
-22.0,394,2599.143008
-20.5,388,2602.315692
-22.0,390,2604.56268
-21.0,384,2613.58786
-21.0,397,2615.155876
-20.0,399,2616.725352
-21.5,395,2619.854347
-22.5,396,2630.303184
-21.5,395,2631.93462
-21.5,380,2633.784793
-21.0,386,2636.019015
-20.5,394,2649.329683
-20.5,401,2651.434582
-20.0,390,2653.090299
-21.0,385,2654.85656
-20.5,383,2669.428982
-22.5,404,2671.408079
-21.0,387,2673.397716
-23.0,399,2676.241671
-20.5,401,2690.406107
-20.5,394,2692.101815
-22.0,398,2693.970018
-21.5,387,2695.69413
-22.0,399,2712.398832
-20.5,382,2713.93957
-21.0,380,2715.596341
-20.5,396,2717.706949
-21.0,388,2733.327463
-21.5,392,2735.354356
-22.0,404,2736.797837
-21.0,400,2739.705436
-22.5,379,2753.31319
-21.0,398,2756.566656
-21.5,400,2758.299065
-21.0,395,2761.870398
-21.0,389,2775.61156
-21.5,391,2778.855767
-22.0,411,2780.692219
-21.0,388,2784.0371
-21.5,395,2796.015109
-22.0,400,2798.634847
-48.0,407,2800.993197
-21.0,394,2804.214924
-21.0,393,2816.486867
-21.5,414,2820.398821
-21.0,383,2822.082842
-21.5,398,2824.423831
-20.5,386,2835.9307
-20.5,390,2839.220905
-22.5,408,2841.133552
-21.5,398,2843.262651
-22.0,406,2854.774754
-21.0,397,2857.968031
-20.5,399,2861.37426
-22.0,396,2864.872175
-22.0,400,2876.455532
-22.0,414,2880.30226
-22.0,408,2882.830422
-22.0,411,2884.466196
-21.0,401,2895.42657
-21.0,404,2898.910209
-21.5,399,2900.770189
-22.5,405,2902.509006
-22.5,406,2916.104768
-22.0,400,2920.270409
-22.0,400,2922.446541
-21.0,398,2926.554293
-21.5,415,2939.383963
-21.5,407,2942.937464
-23.0,406,2944.915514
-21.5,408,2948.398073
-22.0,416,2961.060346
-22.0,400,2962.744988
-21.5,414,2966.200189
-21.5,411,2969.530841
-21.5,412,2980.727259
-22.5,413,2983.283816
-22.0,409,2985.527901
-20.5,405,2987.733854
-22.0,419,3001.380953
-21.5,416,3003.219163
-21.0,405,3005.259434
-21.5,402,3006.978734
-47.5,411,3024.81197
-22.5,412,3026.507262
-22.5,406,3028.378385
-21.0,408,3030.011758
-21.0,413,3047.162844
-22.5,415,3049.17178
-22.0,407,3051.009903
-47.0,406,3052.903669
-21.5,412,3068.959206
-48.0,406,3070.655239
-21.5,404,3073.850333
-48.0,417,3075.681639
-20.0,405,3091.667917
-22.0,414,3093.806397
-20.5,413,3096.192578
-22.0,407,3098.341852
-47.0,410,3114.624821
-22.0,415,3116.580489
-22.5,411,3118.540648
-22.5,422,3120.696703
-22.5,416,3137.719594
-20.5,406,3139.627651
-22.0,406,3141.551417
-20.0,399,3143.757533
-47.5,407,3161.540336
-23.0,427,3163.985142
-21.0,407,3164.474741
-22.0,405,3166.483463
-22.0,411,3184.845773
-20.5,411,3188.305285
-22.0,418,3190.102345
-20.5,392,3191.762405
-21.0,401,3208.581599
-21.5,405,3210.855379
-20.0,404,3212.0488
-48.0,405,3213.608369
-20.5,410,3227.939505
-21.5,405,3230.273403
-22.0,398,3230.582236
-22.5,402,3232.180156
-22.0,415,3247.795332
-20.5,404,3249.910074
-21.5,404,3250.269404
-22.0,415,3252.551831
-21.0,406,3267.605099
-21.5,404,3269.653224
-21.0,410,3270.777625
-21.0,401,3272.819585
-21.0,404,3289.012653
-21.0,395,3291.143221
-20.0,408,3291.833005
-23.0,412,3295.144254
-20.5,408,3310.551721
-22.0,400,3312.608021
-20.5,406,3314.125579
-20.0,414,3316.335769
-21.0,402,3333.077611
-21.0,401,3335.093047
-22.0,402,3336.852973
-22.0,404,3338.946856
-48.0,389,3356.995829
-22.0,404,3359.142418
-22.0,403,3360.762346
-22.0,396,3363.521055
-23.0,353,3375.651633
-22.5,365,3378.427018
-22.5,383,3379.486438
-22.0,369,3382.050797
-20.5,374,3395.360276
-19.5,368,3398.049255
-22.0,363,3398.501391
-21.5,360,3400.903729
-21.0,354,3414.983737
-21.5,379,3417.100203
-22.0,387,3418.950256
-21.5,365,3419.852315
-21.0,372,3431.339071
-21.0,344,3433.558066
-22.0,380,3436.584265
-20.5,382,3438.410386
-22.5,369,3450.273012
-21.0,347,3453.871731
-22.5,382,3458.943219
-23.0,395,3460.616528
-22.5,381,3471.635663
-21.5,376,3475.058448
-19.5,394,3478.319183
-20.5,382,3480.012415
-21.5,372,3489.279639
-21.0,365,3492.695561
-19.5,360,3496.32284
-21.0,383,3497.819324
-20.0,354,3508.566982
-21.5,374,3515.75415
-20.5,368,3519.568891
-20.5,385,3521.413314
-21.5,377,3531.977609
-23.0,393,3537.413383
-21.0,395,3540.905527
-20.5,374,3541.724429
-21.5,384,3551.518102
-22.0,385,3558.023181
-21.0,365,3561.772442
-22.0,390,3564.049365
-21.0,388,3575.257601
-21.0,362,3580.687243
-20.5,380,3584.023479
-21.5,386,3586.182638
-21.5,385,3597.590559
-22.5,387,3603.663029
-22.5,381,3607.231214
-23.5,386,3609.467213
-22.5,374,3621.991106
-21.5,383,3625.931568
-22.0,363,3629.315256
-22.5,369,3631.221452
-21.5,394,3642.363112
-21.0,381,3646.278134
-21.5,390,3648.602628
-20.5,381,3650.84213
-23.0,398,3660.91396
-21.5,379,3664.86505
-22.5,391,3667.042754
-22.0,401,3669.215398
-21.5,390,3682.081226
-20.0,401,3687.200903
-21.0,385,3689.664468
-21.5,379,3693.031072
-22.5,384,3706.909692
-20.5,411,3710.622426
-22.0,383,3713.242169
-23.0,399,3716.837047
-20.5,380,3728.055968
-22.5,376,3731.360427
-20.5,395,3734.17729
-22.0,396,3736.085438
-20.0,409,3750.235899
-22.0,399,3754.152165
-20.5,403,3756.536709
-21.5,395,3758.36849
-21.0,408,3771.32462
-21.5,384,3774.842201
-22.0,397,3777.128762
-20.5,400,3780.113857
-21.5,385,3793.023991
-22.0,388,3795.689146
-22.0,393,3799.521474
-22.0,412,3803.454016
-20.5,411,3814.612149
-21.5,394,3816.047193
-21.5,390,3819.644016
-20.5,402,3824.631268
-21.5,395,3834.943509
-20.5,409,3837.205712
-21.5,388,3839.308161
-21.0,396,3843.506297
-22.0,411,3855.584065
-21.0,402,3858.899921
-20.5,392,3860.971025
-22.0,410,3866.225927
-21.5,394,3876.422035
-22.0,400,3878.228628
-21.0,402,3882.322301
-22.0,415,3888.096297
-21.5,408,3897.587127
-20.0,413,3901.31973
-19.5,404,3903.592976
-47.5,385,3909.374384
-19.5,402,3920.930677
-22.5,403,3925.274844
-21.5,405,3927.170378
-21.0,389,3931.347214
-21.0,389,3946.148087
-20.0,390,3949.599781
-48.0,393,3951.750087
-20.5,382,3955.897583
-20.5,392,3970.756311
-20.5,389,3973.195785
-21.5,397,3975.26297
-21.0,370,3979.524889
-21.0,384,3993.580446
-21.0,384,3995.918735
-21.0,388,3998.244421
-48.5,389,4001.327736
-21.0,366,4013.850878
-20.5,360,4017.842959
-21.0,388,4020.925836
-22.5,379,4023.319498
-21.5,378,4038.173146
-21.5,394,4042.462027
-21.0,371,4044.38445
-21.5,381,4048.377627
-20.5,406,4061.195499
-21.5,406,4063.099025
-20.0,394,4065.600255
-21.0,390,4069.823629
-19.5,385,4084.072252
-19.5,391,4086.476067
-22.5,400,4090.56049
-22.5,382,4093.491907
-21.0,379,4107.425143
-20.0,386,4111.468006
-20.0,385,4114.120085
-21.0,401,4116.506607
-21.5,397,4130.441007
-21.0,374,4134.032291
-21.0,395,4136.249713
-23.0,402,4138.46665
-21.0,394,4153.456555
-20.5,400,4158.434246
-20.5,361,4160.593517
-48.0,395,4164.570211
-22.0,401,4178.78492
-21.5,412,4183.445541
-21.0,409,4185.459295
-20.0,398,4189.360454
-21.5,404,4203.951513
-21.0,395,4207.321526
-20.5,397,4209.452147
-21.5,397,4213.256181
-21.5,385,4230.008746
-20.0,399,4233.750662
-21.0,397,4235.923731
-20.5,393,4240.245128
-19.5,388,4253.745334
-20.5,395,4257.913191
-20.5,402,4259.983679
-21.0,381,4262.775119
-19.5,392,4277.53101
-20.5,384,4283.447768
-22.0,383,4285.723997
-20.5,402,4289.956441
-20.5,394,4304.572046
-21.0,397,4308.269048
-20.5,409,4310.738459
-21.5,402,4312.773742
-21.5,402,4326.526128
-20.5,407,4330.09902
-21.0,404,4332.50383
-20.5,379,4334.77142
-21.0,396,4350.585423
-20.5,394,4354.579238
-19.5,396,4357.32942
-21.0,400,4359.390553
-21.5,394,4373.526737
-20.0,410,4377.856414
-20.5,412,4381.609466
-21.5,420,4384.057951
-19.5,409,4396.712518
-20.0,403,4401.417711
-19.5,402,4405.841763
-20.0,398,4407.902682
-21.0,399,4423.914485
-20.0,410,4429.524347
-21.5,395,4432.377433
-21.0,389,4434.693755
-20.0,403,4449.794411
-20.5,397,4454.047003
-20.5,389,4456.13216
-21.5,415,4459.538984
-20.0,405,4475.686768
-20.5,397,4479.225993
-20.5,409,4482.001594
-20.5,383,4485.185459
-21.0,405,4499.302583
-20.0,390,4501.398149
-19.5,408,4504.010785
-20.5,391,4506.072724
-20.0,398,4519.06882
-20.0,397,4521.345659
-20.0,402,4523.716575
-19.5,392,4525.707992
-20.0,419,4542.888638
-21.0,387,4545.561311
-20.0,373,4548.208377
-20.0,410,4551.423519
-20.5,398,4571.887949
-20.5,403,4574.605136
-20.5,407,4577.150649
-21.0,407,4580.731928
-20.0,407,4602.404499
-20.5,398,4605.854167
-19.5,391,4609.426984
-20.0,400,4613.336164
-20.0,386,4632.663221
-21.0,395,4635.278056
-20.0,395,4638.136646
-21.0,396,4641.651754
-21.0,411,4659.471491
-20.5,396,4662.025799
-21.0,396,4664.8168
-20.0,418,4669.71921
-47.5,394,4687.254112
-47.5,407,4689.868956
-20.0,414,4692.259627
-21.5,393,4695.442518
-20.5,407,4709.143042
-21.0,402,4711.579881
-21.0,403,4713.393707
-22.0,412,4717.805394
-21.0,399,4732.601116
-20.5,394,4735.94126
-22.0,411,4738.234432
-20.0,412,4743.404313
-20.5,404,4756.145993
-20.5,409,4760.257154
-20.5,426,4762.324142
-21.5,403,4766.856382
-22.5,417,4779.944895
-21.0,399,4782.494392
-21.5,392,4785.536761
-19.5,417,4792.776135
-21.5,395,4807.686733
-20.0,412,4810.966688
-21.0,410,4814.013547
-19.5,411,4821.94116
-21.5,413,4835.472576
-20.5,409,4839.595132
-20.0,416,4842.562901
-21.5,407,4848.657718
-20.5,410,4862.400185
-22.0,412,4865.825732
-21.0,404,4869.070687
-20.5,415,4875.896448
-21.5,398,4888.339306
-20.5,404,4892.438048
-21.0,367,4895.427673
-20.5,395,4902.058481
-22.5,392,4914.667185
-21.0,397,4919.257983
-22.0,395,4921.897447
-20.5,390,4928.23111
-20.0,392,4943.888709
-20.5,388,4948.451127
-21.0,381,4951.053353
-21.0,397,4958.026654
-19.5,409,4972.747159
-20.0,406,4976.399076
-19.5,387,4978.073875
-21.0,386,4985.074806
-21.0,400,4997.538103
-21.0,373,4998.539392
-21.5,401,5001.10234
-20.0,400,5008.845657
-20.0,396,5021.397639
-20.5,407,5024.463154
-20.0,412,5026.757749
-20.0,407,5034.258716
-20.5,413,5048.040328
-20.0,405,5049.937535
-20.0,401,5052.798952
-20.5,411,5059.930711
-21.0,401,5073.30537
-20.0,407,5076.191062
-20.5,395,5080.739015
-21.0,418,5089.231142
-20.0,388,5101.572553
-20.0,413,5104.163395
-20.0,412,5108.735939
-21.0,415,5120.133341
-22.0,412,5130.458595
-21.0,414,5133.956097
-20.5,394,5135.050424
-21.0,413,5147.651644
-20.0,396,5158.162573
-20.5,401,5161.152956
-22.5,418,5165.576189
-19.5,396,5175.442268
-22.0,413,5187.038805
-22.5,411,5189.72994
-21.5,402,5192.848466
-20.0,401,5201.178044
-22.0,397,5215.480971
-22.0,397,5218.923338
-48.0,418,5223.200255
-21.5,405,5231.351382
-22.0,403,5243.39402
-21.0,409,5247.007879
-21.0,390,5249.930073
-22.5,409,5260.392514
-22.0,416,5274.651405
-21.5,406,5277.67585
-22.5,413,5281.089847
-21.0,399,5290.916931
-20.0,413,5305.250837
-20.5,411,5308.737157
-21.0,409,5312.379208
-21.5,410,5321.038918
