rollout/ep_rew_mean,time/fps,time/total_timesteps,time/iterations,rollout/ep_len_mean,time/time_elapsed,train/n_updates,train/entropy_loss,train/approx_kl,train/value_loss,train/learning_rate,train/clip_range,train/explained_variance,train/clip_fraction,train/loss,train/policy_gradient_loss
-33.947625,1109,2048,1,252.375,1,,,,,,,,,,
-35.01453333333334,942,4096,2,258.2,4,10,-1.0983727207407354,0.005635778,13.47891967515461,0.0003,0.2,0.025252103805541992,0.096044921875,1.9718589782714844,-0.006700719888613094
-33.445521739130434,884,6144,3,263.9130434782609,6,20,-1.095925240777433,0.009326256,1.7069890686310827,0.0003,0.2,0.9188854694366455,0.105712890625,0.38113516569137573,-0.008220115037693177
-31.900838709677423,854,8192,4,262.48387096774195,9,30,-1.0702856240794063,0.006628664,4.507614593021572,0.0003,0.2,0.8656653165817261,0.073876953125,0.4758741855621338,-0.005272423862334108
-31.034897435897445,837,10240,5,262.05128205128204,12,40,-1.0240228274837135,0.0059105977,1.5595787265803664,0.0003,0.2,0.9380873441696167,0.08486328125,0.3904400169849396,-0.007496616702701431
-30.070304347826085,822,12288,6,261.5217391304348,14,50,-1.0130518510937692,0.007715614,3.047887090127915,0.0003,0.2,0.9169554114341736,0.079052734375,1.0024570226669312,-0.009658039506757633
-30.14211111111111,809,14336,7,260.8888888888889,17,60,-0.997516212053597,0.011787943,0.8654767422704026,0.0003,0.2,0.9588164687156677,0.1150390625,0.18097379803657532,-0.005006872167723486
-30.247129032258066,798,16384,8,260.8709677419355,20,70,-0.9598701948300004,0.011559743,2.2777262311428785,0.0003,0.2,0.9453340768814087,0.12392578125,0.4977892339229584,-0.0058734628604725
-30.360357142857147,788,18432,9,262.07142857142856,23,80,-0.9808778716251254,0.011965083,2.9904728419147433,0.0003,0.2,0.8891070485115051,0.106591796875,0.9845619201660156,-0.00693730796338059
-30.397294871794866,780,20480,10,262.3974358974359,26,90,-0.9525721963495016,0.008283156,1.47734617581591,0.0003,0.2,0.9480133056640625,0.065283203125,0.35106298327445984,-0.0031312456922023557
-29.909870588235293,773,22528,11,262.63529411764705,29,100,-0.9498301653191448,0.0074899094,1.232125368854031,0.0003,0.2,0.9516749382019043,0.11728515625,0.25802236795425415,-0.005581966911995551
-29.411688172043007,764,24576,12,263.97849462365593,32,110,-0.8993568001314998,0.007123091,1.9638723022770137,0.0003,0.2,0.9248239398002625,0.085986328125,0.0901796817779541,-0.004578871760895708
-29.329869999999996,757,26624,13,264.57,35,120,-0.8814188441261649,0.00799273,0.8259655508212745,0.0003,0.2,0.9523116946220398,0.101806640625,0.0851660668849945,-0.005429009105864679
-29.057109999999998,751,28672,14,266.11,38,130,-0.8599106341600418,0.024502974,0.4143569734878838,0.0003,0.2,0.9720897674560547,0.146728515625,0.056393835693597794,-0.00433618819079129
-28.455470000000002,742,30720,15,267.57,41,140,-0.8760928688570857,0.0066485032,2.237634975882247,0.0003,0.2,0.9055877923965454,0.079296875,0.3972429037094116,-0.008185059984680266
-27.93952,736,32768,16,268.52,44,150,-0.8751122796908021,0.009364102,1.028736110124737,0.0003,0.2,0.9643710851669312,0.0865234375,0.18262043595314026,-0.008637553457811009
-27.938420000000004,729,34816,17,270.92,47,160,-0.8320929357782006,0.006547466,0.8854721485637128,0.0003,0.2,0.9309718012809753,0.07265625,0.5084565281867981,-0.005928962824691552
-27.90235,723,36864,18,273.05,50,170,-0.8572042774409055,0.0075933705,0.7870350104058161,0.0003,0.2,0.954825758934021,0.090966796875,0.19557246565818787,-0.0023474764289858284
-27.866440000000008,718,38912,19,276.44,54,180,-0.8989399608224631,0.008926494,0.7686357884667814,0.0003,0.2,0.9447086453437805,0.089208984375,0.04496121406555176,-0.007713817572948756
-28.112599999999997,714,40960,20,279.5,57,190,-0.904078583791852,0.007868688,0.9590197559213266,0.0003,0.2,0.9447930455207825,0.08427734375,0.29218459129333496,-0.00673744417836133
-27.786800000000003,708,43008,21,282.7,60,200,-0.8879169821739197,0.01063939,0.4468448695028201,0.0003,0.2,0.9658458828926086,0.111083984375,0.06426680088043213,-0.006304972802536213
-27.418450000000004,703,45056,22,285.75,64,210,-0.9074049670249223,0.010036679,0.4527792937820777,0.0003,0.2,0.9788143038749695,0.12763671875,0.05040767416357994,-0.005492560990387574
-26.512090000000004,699,47104,23,288.69,67,220,-0.868457973562181,0.011371734,0.3386247467482463,0.0003,0.2,0.9721440672874451,0.1189453125,0.09657865017652512,-0.00531610391990398
-25.64792,695,49152,24,292.32,70,230,-0.8115340942516923,0.012563687,0.26991111409151924,0.0003,0.2,0.9452150464057922,0.139599609375,0.06633134931325912,-0.005002334890014027
-25.575239999999997,692,51200,25,296.34,73,240,-0.83212901763618,0.0120012155,0.11210022826562635,0.0003,0.2,0.9868609309196472,0.143115234375,0.025672728195786476,-0.004715957971347962
-24.926460000000002,687,53248,26,300.86,77,250,-0.7848550207912922,0.015730165,0.07715840004966594,0.0003,0.2,0.992107093334198,0.135595703125,0.0006469395011663437,-0.008172820548497838
-24.536730000000002,683,55296,27,304.23,80,260,-0.7559085803106427,0.014165739,0.07582967047346756,0.0003,0.2,0.9941434264183044,0.13623046875,-0.019403446465730667,-0.009140213660430163
-24.149729999999998,679,57344,28,308.73,84,270,-0.7184189243242145,0.022175606,0.04519879422878148,0.0003,0.2,0.9947417974472046,0.140771484375,-0.022487834095954895,-0.009294606209732593
-23.48709,675,59392,29,311.79,87,280,-0.7519512729719281,0.0134962285,0.04721475741243921,0.0003,0.2,0.9960907697677612,0.108349609375,0.00858372077345848,-0.008246604264422785
-22.848250000000004,672,61440,30,314.55,91,290,-0.7278927000239491,0.013807613,0.041908324407995676,0.0003,0.2,0.9961785674095154,0.15810546875,-0.0068178921937942505,-0.010673046208103188
-22.445679999999996,669,63488,31,317.38,94,300,-0.7097230538725853,0.019797914,0.031619352017878556,0.0003,0.2,0.9975299835205078,0.138818359375,-0.014235792681574821,-0.01170478967105737
-21.743610000000004,664,65536,32,319.81,98,310,-0.7304422196000815,0.013166696,0.041833856487937734,0.0003,0.2,0.9924728870391846,0.135791015625,0.011786246672272682,-0.00839428742765449
-21.34283,661,67584,33,321.63,102,320,-0.7076271250844002,0.018168734,0.03296750440204051,0.0003,0.2,0.9986336827278137,0.132275390625,-0.0018450170755386353,-0.009345165148261003
-20.721860000000003,657,69632,34,323.06,105,330,-0.7388539226725698,0.008596647,0.032138781341200226,0.0003,0.2,0.9979005455970764,0.10712890625,-0.02016613259911537,-0.009890844475012272
-20.046830000000003,653,71680,35,322.33,109,340,-0.707839235290885,0.013100691,0.030420957214664666,0.0003,0.2,0.9981665015220642,0.117333984375,0.008795535191893578,-0.010302548110485078
-19.42736,648,73728,36,322.76,113,350,-0.7003963213413954,0.011382141,0.03401131813589018,0.0003,0.2,0.9967265725135803,0.13291015625,-0.005195998586714268,-0.011502842366462573
-19.08297,645,75776,37,323.27,117,360,-0.6505365036427975,0.009358499,0.03386812673707027,0.0003,0.2,0.997532844543457,0.10380859375,0.0016828901134431362,-0.007943969567713793
-18.75045,641,77824,38,323.55,121,370,-0.6691997610032558,0.011709144,0.039875883821514434,0.0003,0.2,0.9966712594032288,0.1244140625,0.007481667213141918,-0.008368480666831601
-18.72014,638,79872,39,323.64,125,380,-0.6606103505939245,0.010345866,0.03066961845906917,0.0003,0.2,0.9981390237808228,0.11201171875,-0.01375766284763813,-0.01041096726548858
-18.70491,634,81920,40,323.11,129,390,-0.6428225876763463,0.01309996,0.030979989658226258,0.0003,0.2,0.9974335432052612,0.127880859375,-0.009721826761960983,-0.013085229948774212
-18.66744,631,83968,41,323.64,133,400,-0.6385455213487148,0.017881408,0.0325676042586565,0.0003,0.2,0.99820476770401,0.133837890625,-0.021323401480913162,-0.00867191952711437
-18.6356,628,86016,42,324.2,136,410,-0.6054093308746815,0.008357662,0.025152377627091483,0.0003,0.2,0.9980193972587585,0.11142578125,-0.018262583762407303,-0.006025466551363934
-18.61837,627,88064,43,324.97,140,420,-0.5463051708415151,0.012698987,0.02186546364246169,0.0003,0.2,0.9991593360900879,0.13388671875,-0.02196216583251953,-0.011284965834056493
-18.61224,624,90112,44,325.34,144,430,-0.5708421646617353,0.013018215,0.02154933964338852,0.0003,0.2,0.999131977558136,0.12197265625,0.013072890229523182,-0.010001304814068135
-18.65741,621,92160,45,326.71,148,440,-0.588399245776236,0.020430248,0.018971581092046108,0.0003,0.2,0.9992366433143616,0.13427734375,0.01477870624512434,-0.010238155932893279
-18.69729,619,94208,46,328.69,152,450,-0.6272426145151258,0.015340805,0.02664651286031585,0.0003,0.2,0.9986893534660339,0.128466796875,0.006508964579552412,-0.011776052860659547
-18.74842,617,96256,47,330.42,155,460,-0.6005636911839247,0.014593936,0.02252296628721524,0.0003,0.2,0.9987469911575317,0.118115234375,0.0060120318084955215,-0.011796004563802854
-19.119040000000002,614,98304,48,332.84,159,470,-0.5999778385274113,0.018432457,0.023796847493213136,0.0003,0.2,0.9985978007316589,0.1408203125,-0.026035279035568237,-0.012112143210833893
-19.183009999999996,612,100352,49,335.11,163,480,-0.5954584203660488,0.005726668,0.4181623895652592,0.0003,0.2,0.9208741784095764,0.049365234375,0.022229904308915138,-0.003903556620934978
-19.28922,610,102400,50,337.82,167,490,-0.5530904956161976,0.016944915,0.026235988808912224,0.0003,0.2,0.9990848898887634,0.161474609375,-0.02957669273018837,-0.00890651590016205
-19.355850000000004,608,104448,51,340.95,171,500,-0.5719183347187936,0.01474002,0.041945472276711374,0.0003,0.2,0.9947497248649597,0.1197265625,0.01794406771659851,-0.0067481924750609325
-19.4735,605,106496,52,345.5,175,510,-0.5176857066340744,0.020130666,0.022446247616608163,0.0003,0.2,0.9990479350090027,0.1376953125,-0.03699066862463951,-0.007368879593559541
-19.5554,603,108544,53,348.9,179,520,-0.5415078986436128,0.016133148,0.02130939942871919,0.0003,0.2,0.9988355040550232,0.130908203125,0.002043931744992733,-0.0067231613924377594
-19.62566,601,110592,54,352.16,183,530,-0.4951108952052891,0.014385444,0.028518905356759206,0.0003,0.2,0.9982187747955322,0.12001953125,-0.005804405547678471,-0.01047451143458602
-19.72573,598,112640,55,355.53,188,540,-0.4778805097565055,0.013523233,0.016842682525020792,0.0003,0.2,0.9993299841880798,0.128271484375,-0.024319874122738838,-0.0040281608806253645
-19.808069999999997,597,114688,56,358.17,192,550,-0.470148766040802,0.06556882,0.02148668929876294,0.0003,0.2,0.9990797638893127,0.154052734375,-0.0034925853833556175,-0.013386115114553832
-19.8899,594,116736,57,360.6,196,560,-0.47936693392693996,0.01860777,0.034039480407955125,0.0003,0.2,0.9973940849304199,0.118505859375,-0.018109293654561043,-0.005282391377841122
-19.96342,593,118784,58,362.72,200,570,-0.48071720292791725,0.017900875,0.034809445396240334,0.0003,0.2,0.9974061846733093,0.112939453125,-0.022967277094721794,-0.009882360650226473
-20.064569999999996,590,120832,59,365.07,204,580,-0.4727369285188615,0.019210776,0.024378427735064177,0.0003,0.2,0.9985093474388123,0.13876953125,-0.014035612344741821,-0.009920943260658533
-20.18092,589,122880,60,366.42,208,590,-0.5153553008101881,0.016859755,0.026396927192399743,0.0003,0.2,0.9987549185752869,0.130615234375,-0.035220544785261154,-0.008988344210229116
-20.33244,586,124928,61,368.24,212,600,-0.4851309882476926,0.021877032,0.022531300100672523,0.0003,0.2,0.9988777041435242,0.1634765625,0.0004991227760910988,-0.009419295867701294
-20.453899999999997,585,126976,62,369.4,217,610,-0.4996219024993479,0.016232865,0.026924465213960504,0.0003,0.2,0.9985796809196472,0.126220703125,-0.026788754388689995,-0.009928746505465824
-20.53844,583,129024,63,370.74,221,620,-0.49545882269740105,0.019248445,0.020083625997358467,0.0003,0.2,0.9990906715393066,0.144189453125,0.017686519771814346,-0.009087296504003462
-20.634100000000004,581,131072,64,372.0,225,630,-0.5165856924839318,0.015105274,0.018888848660571965,0.0003,0.2,0.9993624091148376,0.11298828125,-0.023109933361411095,-0.010557451460044831
-20.679119999999998,579,133120,65,372.62,229,640,-0.5048734965734184,0.010367705,0.02651702248112997,0.0003,0.2,0.9984646439552307,0.08798828125,0.004012644290924072,-0.00899525695713237
-20.44532,577,135168,66,373.52,234,650,-0.5110919657163322,0.01649368,0.020488812761323062,0.0003,0.2,0.9989665150642395,0.122216796875,-0.026969611644744873,-0.00988978039677022
-20.484949999999998,575,137216,67,372.85,238,660,-0.5527145339176058,0.03351643,0.025660768322995863,0.0003,0.2,0.9988051652908325,0.148779296875,-0.027401253581047058,-0.008841838698572246
-20.514980000000005,573,139264,68,372.58,242,670,-0.6135068132542074,0.01734086,0.06329397049557883,0.0003,0.2,0.9834181070327759,0.117822265625,0.0137762650847435,-0.012775444650833379
-20.80006,571,141312,69,371.16,247,680,-0.5983336175791919,0.011924803,0.03047540591651341,0.0003,0.2,0.9987188577651978,0.12109375,-0.00799572840332985,-0.008357881009578705
-20.75088,568,143360,70,370.48,252,690,-0.6135825288482011,0.015537668,0.3846639623166993,0.0003,0.2,0.9291573762893677,0.108203125,0.002744831144809723,-0.008466311545635107
-20.755329999999994,567,145408,71,370.23,256,700,-0.5792282672598958,0.014767376,0.03147124453971628,0.0003,0.2,0.9972971677780151,0.111474609375,-0.022542009130120277,-0.010228131592884892
-20.75244,565,147456,72,369.94,260,710,-0.5673699895851314,0.016995665,0.02450012716872152,0.0003,0.2,0.9990531206130981,0.114892578125,-0.00935071799904108,-0.010520430380711331
-20.73011,563,149504,73,369.61,265,720,-0.5045712097547949,0.012258939,0.03241293636383489,0.0003,0.2,0.9970077276229858,0.122509765625,0.007290416397154331,-0.007908924751973245
-20.70645,561,151552,74,369.45,270,730,-0.558955438900739,0.0152876,0.039677516686788296,0.0003,0.2,0.996211051940918,0.11474609375,-0.026116104796528816,-0.009964963650418213
-20.667460000000002,559,153600,75,369.56,274,740,-0.5102909595705569,0.016508054,0.02797275634657126,0.0003,0.2,0.9983832240104675,0.1056640625,0.006403666455298662,-0.006226622987014707
-20.61995,557,155648,76,369.35,279,750,-0.5481308918446303,0.013123548,0.022362967500521337,0.0003,0.2,0.9989155530929565,0.123583984375,-0.0027745384722948074,-0.009075265883438988
-20.573820000000005,555,157696,77,368.12,283,760,-0.5481035723350942,0.013734533,0.03302045948512387,0.0003,0.2,0.9979604482650757,0.122412109375,-0.014597633853554726,-0.008466569441225147
-20.52061,553,159744,78,368.11,288,770,-0.5457689024507999,0.014685888,0.02385972104384564,0.0003,0.2,0.9983742237091064,0.118017578125,0.010516837239265442,-0.007674110446532723
-20.987440000000003,551,161792,79,367.24,293,780,-0.5579828945919871,0.02269233,0.02002341886254726,0.0003,0.2,0.9976993799209595,0.13876953125,-0.0030722003430128098,-0.008290908722119638
-20.96185,549,163840,80,365.95,298,790,-0.5740900612436235,0.010159369,0.6868885850417428,0.0003,0.2,0.8976297378540039,0.06826171875,0.007267048582434654,-0.003994915269868215
-20.930020000000003,548,165888,81,365.52,302,800,-0.6091603070497513,0.010344943,0.1092954988940619,0.0003,0.2,0.9702010154724121,0.108642578125,0.005200638435781002,-0.00565730947710108
-21.184020000000004,546,167936,82,365.32,307,810,-0.6444679909385741,0.016995572,0.030114107839472125,0.0003,0.2,0.9946057796478271,0.1275390625,-0.0023828884586691856,-0.01005896952628973
-21.16168,544,169984,83,364.98,312,820,-0.5877833456732333,0.011622664,0.6209723441163078,0.0003,0.2,0.9429931640625,0.078564453125,0.02930292673408985,-0.005215232346381526
-21.46148,541,172032,84,361.68,317,830,-0.664715448860079,0.0393039,0.048469196230871606,0.0003,0.2,0.9869245290756226,0.20390625,-0.0074775125831365585,-0.008577539332327433
-21.67354,539,174080,85,359.14,322,840,-0.7491461854428053,0.0121758925,1.1653611150220968,0.0003,0.2,0.9053248167037964,0.11171875,0.041137032210826874,-0.00924660651216982
-21.696479999999998,537,176128,86,356.88,327,850,-0.765827672649175,0.019164177,1.04801954847062,0.0003,0.2,0.9035236239433289,0.11884765625,0.018138214945793152,-0.0067873042164137585
-21.983140000000002,535,178176,87,355.14,332,860,-0.7814872013404965,0.014091169,0.13994150086073204,0.0003,0.2,0.9801427721977234,0.12919921875,0.05472065508365631,-0.012754559251334285
-22.03619,533,180224,88,352.99,338,870,-0.7711692811921239,0.012856103,0.4741514091612771,0.0003,0.2,0.9208475351333618,0.08837890625,0.011405155062675476,-0.010652956152625848
-22.33753,531,182272,89,350.63,343,880,-0.7590401632711291,0.0153881535,0.08751927515841089,0.0003,0.2,0.9880400896072388,0.149462890625,0.0048233866691589355,-0.011138447676057695
-22.626969999999996,529,184320,90,348.77,348,890,-0.7166382364928723,0.014850471,1.2806541915168055,0.0003,0.2,0.9305341839790344,0.098046875,0.08537730574607849,-0.0071001546340994535
-22.646919999999994,526,186368,91,347.12,353,900,-0.7463454009965063,0.013701288,0.41995412396499887,0.0003,0.2,0.9536214470863342,0.101220703125,0.019276181235909462,-0.007533569757288206
-22.975610000000007,524,188416,92,343.41,359,910,-0.7402657324448227,0.027980002,0.08681749573734124,0.0003,0.2,0.987628161907196,0.158837890625,0.00934050977230072,-0.010416408826131374
-23.01843,522,190464,93,340.73,364,920,-0.7622640820220112,0.014815185,0.5999701273743995,0.0003,0.2,0.9509483575820923,0.12265625,0.04888322949409485,-0.00985398205339152
-23.04142999999999,519,192512,94,337.63,370,930,-0.799490712583065,0.013636577,0.12279598442837596,0.0003,0.2,0.9810284376144409,0.1533203125,0.029684238135814667,-0.015368363275047158
-22.80357,518,194560,95,334.87,375,940,-0.7142969394102693,0.018157264,0.07018661901820451,0.0003,0.2,0.9957183599472046,0.168310546875,-0.023044081404805183,-0.01470224733420764
-22.490839999999995,516,196608,96,333.54,380,950,-0.6773166368715465,0.017421141,0.06002359277626965,0.0003,0.2,0.9959741234779358,0.15498046875,-0.018626824021339417,-0.014849304998642765
-22.461770000000005,514,198656,97,332.07,386,960,-0.6186551517806947,0.020511504,0.039149559271754696,0.0003,0.2,0.998028039932251,0.171728515625,-0.018807537853717804,-0.011839775332555291
-22.116679999999995,512,200704,98,330.78,391,970,-0.6151346483267843,0.016610429,0.039511202077846974,0.0003,0.2,0.9981989860534668,0.12822265625,-0.011767970398068428,-0.009379477947368287
-22.08712,510,202752,99,329.42,397,980,-0.5722335468046367,0.015461003,0.04417710570269264,0.0003,0.2,0.9962373971939087,0.131494140625,-0.012516777962446213,-0.008824418466974748
-21.75853,509,204800,100,331.23,401,990,-0.5826361373066902,0.014567612,0.04351554702152498,0.0003,0.2,0.9976447224617004,0.1126953125,-0.008415836840867996,-0.010703280896996148
-21.51104,507,206848,101,333.84,407,1000,-0.574745575711131,0.01981719,0.026630955129803624,0.0003,0.2,0.9981850385665894,0.1595703125,-0.00611870177090168,-0.010016715846722946
-21.672379999999993,505,208896,102,336.18,412,1010,-0.577973678894341,0.011555174,0.025266624051437248,0.0003,0.2,0.9990233182907104,0.13173828125,0.001746930181980133,-0.0060082064759626515
-21.13416,504,210944,103,337.76,417,1020,-0.5816225397400558,0.011425529,0.8591124041471631,0.0003,0.2,0.9294624328613281,0.078271484375,0.06659445911645889,-0.0031869917278527283
-21.319819999999996,503,212992,104,339.72,423,1030,-0.5990300683304668,0.01653526,0.03252537092776038,0.0003,0.2,0.9962460994720459,0.13251953125,-0.02098757028579712,-0.009094268685294083
-21.17679,501,215040,105,341.59,429,1040,-0.5900761349126696,0.01308604,0.46128316795802676,0.0003,0.2,0.9339883327484131,0.098193359375,0.05832944065332413,-0.005706483273388585
-20.555030000000002,500,217088,106,343.53,434,1050,-0.5590839650481939,0.014493106,0.05081277035060339,0.0003,0.2,0.9929414987564087,0.11484375,0.001562541350722313,-0.008230139264924219
-20.545389999999998,498,219136,107,345.49,439,1060,-0.5698868536390365,0.020653093,0.03220724654966034,0.0003,0.2,0.9976199865341187,0.1228515625,-0.00936240516602993,-0.010921362558292458
-20.513379999999998,496,221184,108,346.18,445,1070,-0.592208679113537,0.026830716,0.024850052659166975,0.0003,0.2,0.9982577562332153,0.178564453125,-0.01730288565158844,-0.006973502249456942
-20.15355,494,223232,109,348.95,451,1080,-0.6353350480087101,0.025446618,0.03518462572828866,0.0003,0.2,0.9977829456329346,0.14638671875,-0.0011527258902788162,-0.011530239565036026
-20.116690000000002,493,225280,110,350.49,456,1090,-0.6341015424579381,0.029469106,0.04103498484764714,0.0003,0.2,0.9977840781211853,0.152392578125,-0.008205220103263855,-0.006077958120295079
-20.058859999999996,492,227328,111,352.26,461,1100,-0.6502244099974632,0.017462946,0.02294178037554957,0.0003,0.2,0.9981318712234497,0.146435546875,-0.01685226336121559,-0.010314465989358724
-20.021989999999995,490,229376,112,354.39,467,1110,-0.5777402642183006,0.011549825,0.021168472635326906,0.0003,0.2,0.9986320734024048,0.12890625,-0.0288485549390316,-0.008264230545319152
-19.95471,488,231424,113,356.41,473,1120,-0.5941062155179679,0.019314064,0.025244203022157307,0.0003,0.2,0.9983126521110535,0.1404296875,-0.01252095028758049,-0.007415508013946237
-19.934520000000006,487,233472,114,357.52,478,1130,-0.5534356093034148,0.032360815,0.018867611515452153,0.0003,0.2,0.9983477592468262,0.140234375,0.005566581152379513,-0.01007274438306922
-19.92766,486,235520,115,357.46,484,1140,-0.578715318068862,0.022049002,0.016642648335255215,0.0003,0.2,0.9990600943565369,0.153857421875,-0.018651600927114487,-0.01019715302536497
-19.98452,484,237568,116,356.92,490,1150,-0.5861652596853674,0.019582711,0.025632748474890832,0.0003,0.2,0.9974290132522583,0.11982421875,-0.028988756239414215,-0.005490835717500886
-19.988899999999997,482,239616,117,356.0,496,1160,-0.5928819841705263,0.01752875,0.036056878863018935,0.0003,0.2,0.9964801073074341,0.12587890625,-0.03712376579642296,-0.007151970225095283
-19.99721,481,241664,118,355.51,502,1170,-0.5548138526268304,0.025250196,0.02279120582388714,0.0003,0.2,0.9986435770988464,0.153564453125,-0.008439337834715843,-0.00778003931263811
-19.719130000000003,479,243712,119,355.73,508,1180,-0.5454206014052033,0.02079562,0.02595472196408082,0.0003,0.2,0.9974285960197449,0.114453125,0.0015109237283468246,-0.005532741586648626
-19.76762,478,245760,120,355.42,513,1190,-0.5401288284920156,0.013186837,0.023607844271464274,0.0003,0.2,0.9985424280166626,0.1236328125,0.024833370000123978,-0.008194902417744742
-19.75515,476,247808,121,355.35,519,1200,-0.5641819368116557,0.021979358,0.037146444414975124,0.0003,0.2,0.9985133409500122,0.120947265625,0.029238149523735046,-0.00531404249377374
-19.80375,475,249856,122,355.45,525,1210,-0.5632908110506832,0.022013342,0.01911609191884054,0.0003,0.2,0.9990174770355225,0.1423828125,-0.004822986200451851,-0.00725309227273101
-19.89243,473,251904,123,355.33,531,1220,-0.5539165971800685,0.022987295,0.33207987220957874,0.0003,0.2,0.9417629837989807,0.111279296875,0.0666467621922493,-0.0061440339050022885
-19.94601,472,253952,124,355.71,537,1230,-0.5530812190845609,0.01680151,0.039779471822839696,0.0003,0.2,0.9940265417098999,0.136767578125,0.03417537361383438,-0.0063482038953225125
-20.21884,470,256000,125,356.54,543,1240,-0.5048176726326347,0.034426056,0.023833615113107953,0.0003,0.2,0.9990808367729187,0.17412109375,-0.003784234169870615,-0.005996261354448506
-20.3424,469,258048,126,358.5,550,1250,-0.5248854918405413,0.01309678,0.2601006085285917,0.0003,0.2,0.9408905506134033,0.10556640625,0.009402468800544739,-0.005812890490051359
-20.917920000000002,468,260096,127,359.32,555,1260,-0.564005846902728,0.026210023,0.033826368939480746,0.0003,0.2,0.9901580810546875,0.15009765625,-0.0027731843292713165,-0.012188804340257774
-20.99665,466,262144,128,360.45,562,1270,-0.6062439222820103,0.013420703,0.509192690148484,0.0003,0.2,0.9131178259849548,0.1087890625,0.06514756381511688,-0.010405111093132292
-21.35652,465,264192,129,361.22,567,1280,-0.597503927629441,0.013038191,0.11577395091881044,0.0003,0.2,0.9662801027297974,0.1234375,0.010731548070907593,-0.009652293990075122
-21.691939999999995,463,266240,130,361.64,574,1290,-0.6079523444175721,0.014266316,0.20717061044415458,0.0003,0.2,0.9603530168533325,0.128955078125,-0.029583640396595,-0.004178528992997599
-22.057749999999995,462,268288,131,361.85,580,1300,-0.6122410342097282,0.014302304,0.33789892262720966,0.0003,0.2,0.9664832949638367,0.102783203125,0.022643178701400757,-0.003715028308215551
-22.41784,460,270336,132,362.54,586,1310,-0.6343161564320325,0.017487599,0.2147406236093957,0.0003,0.2,0.9678142666816711,0.127685546875,0.014391755685210228,-0.005665227980716736
-22.531399999999998,459,272384,133,362.9,593,1320,-0.6115047631785273,0.013658101,0.7732486311928369,0.0003,0.2,0.9361952543258667,0.087451171875,0.02413095347583294,-0.007880614708665235
-22.49712,458,274432,134,364.02,599,1330,-0.6494220463559032,0.0187422,0.16496373022673652,0.0003,0.2,0.9791048169136047,0.148388671875,0.04346077889204025,-0.009227533613011474
-22.47436,456,276480,135,366.06,605,1340,-0.6423675756901502,0.021725051,0.05483963550068438,0.0003,0.2,0.9944239854812622,0.183740234375,-0.02391522005200386,-0.013574621731095249
-22.52001999999999,454,278528,136,366.42,612,1350,-0.6306866284459829,0.020101652,0.04483222352719167,0.0003,0.2,0.9942978620529175,0.126953125,-0.004620319232344627,-0.012341483170166612
-22.51437,453,280576,137,366.37,618,1360,-0.6017143729142844,0.017656071,0.035317790071712804,0.0003,0.2,0.9973042011260986,0.15185546875,-0.0031919660978019238,-0.01101236447757401
-22.497489999999992,452,282624,138,366.59,624,1370,-0.5774070799350739,0.022630043,0.03166876534814946,0.0003,0.2,0.9977802038192749,0.15810546875,-0.018112780526280403,-0.014558998071152018
-22.54333,450,284672,139,366.83,631,1380,-0.5902666649781168,0.023099557,0.02682296002167277,0.0003,0.2,0.998187780380249,0.152392578125,0.012469066306948662,-0.013579657868831418
-22.27535,449,286720,140,367.05,637,1390,-0.5544183358550072,0.012594629,0.025514024526637515,0.0003,0.2,0.9980771541595459,0.1197265625,0.009383738040924072,-0.00961799647193402
-23.061709999999998,447,288768,141,366.91,644,1400,-0.5650454263202846,0.019163242,0.027987015128019266,0.0003,0.2,0.9974921345710754,0.135546875,0.004439912736415863,-0.012619492261728737
-23.022530000000007,446,290816,142,366.53,650,1410,-0.6078272787854075,0.009459745,1.3977395246271045,0.0003,0.2,0.8806952834129333,0.06630859375,0.0016374103724956512,-0.008090080529655097
-22.773229999999995,445,292864,143,365.73,657,1420,-0.5776351450011135,0.015909981,0.09811973611649591,0.0003,0.2,0.9773382544517517,0.116162109375,-0.009262705221772194,-0.010145090431615244
-22.465059999999994,443,294912,144,364.86,664,1430,-0.5894652254879474,0.01602295,0.028718458634102717,0.0003,0.2,0.9970384240150452,0.135498046875,-0.04796301946043968,-0.012805776522145606
-22.223720000000004,442,296960,145,364.12,670,1440,-0.5677996063604951,0.015897922,0.041910113094490956,0.0003,0.2,0.9973803162574768,0.137744140625,0.01053839735686779,-0.014882354674045927
-22.19837,441,299008,146,364.07,677,1450,-0.5360789114609361,0.021427453,0.03004441230004886,0.0003,0.2,0.998624861240387,0.14765625,-0.043222490698099136,-0.011027245383593254
-21.907430000000005,440,301056,147,364.03,683,1460,-0.544142809137702,0.01792511,0.02539943698211573,0.0003,0.2,0.9989215731620789,0.145849609375,-0.05007956922054291,-0.012637114693643526
-21.92600999999999,438,303104,148,364.11,690,1470,-0.5170582300052047,0.018801969,0.024428668650216423,0.0003,0.2,0.9986864328384399,0.140625,-0.006549997255206108,-0.009695504555202206
-21.645600000000005,437,305152,149,363.7,697,1480,-0.5496360507793725,0.0086223595,1.0762902070069686,0.0003,0.2,0.9350732564926147,0.067236328125,0.3851492404937744,-0.008760269936465193
-21.624799999999997,436,307200,150,364.4,703,1490,-0.5299749108031392,0.014376119,0.06637405981891789,0.0003,0.2,0.9929232001304626,0.129931640625,0.03511539474129677,-0.009148820635164156
-21.62354,435,309248,151,365.24,710,1500,-0.5561933032236993,0.011735462,0.26221690397360364,0.0003,0.2,0.9590739607810974,0.0892578125,0.0003761281259357929,-0.005138149907725165
-21.68967,434,311296,152,364.87,717,1510,-0.5922422099858522,0.019717848,0.03683806493645534,0.0003,0.2,0.9969739317893982,0.172998046875,-0.009726746007800102,-0.008977814203535672
-21.749350000000003,432,313344,153,364.85,724,1520,-0.6085122685879469,0.01505015,0.03053390704735648,0.0003,0.2,0.9982823133468628,0.136865234375,-0.00412414874881506,-0.011728307971497997
-22.304929999999995,431,315392,154,364.53,731,1530,-0.6335344945080579,0.0246403,0.020731881247775162,0.0003,0.2,0.9985301494598389,0.1818359375,-0.001331595703959465,-0.01052862604119582
-22.584629999999997,429,317440,155,363.93,738,1540,-0.6300930166617036,0.013757492,0.5385652486525941,0.0003,0.2,0.9010664224624634,0.091650390625,0.1199338436126709,-0.004766636274871417
-22.57372,428,319488,156,363.62,744,1550,-0.6586798189207912,0.009822733,0.35486616857233455,0.0003,0.2,0.9636557102203369,0.074462890625,-0.01886347308754921,-0.01009394978864293
-22.61133,427,321536,157,362.73,752,1560,-0.6315065507777036,0.019152565,0.13318494859267957,0.0003,0.2,0.9722947478294373,0.0912109375,-0.025462090969085693,-0.00813954797522456
-22.360779999999995,426,323584,158,361.58,759,1570,-0.6788204100914299,0.015071176,0.045226328721037136,0.0003,0.2,0.9908064007759094,0.1513671875,-0.0028601759113371372,-0.010753696390020195
-21.875239999999998,424,325632,159,360.44,766,1580,-0.6608583332970739,0.017697237,0.04514149352617096,0.0003,0.2,0.9960269331932068,0.149267578125,-0.025396529585123062,-0.011881211819854798
-21.85351,423,327680,160,360.21,773,1590,-0.6626500425860286,0.016848134,0.031245115329511464,0.0003,0.2,0.9983769059181213,0.17265625,-0.024991080164909363,-0.015621952680521644
-21.787039999999998,422,329728,161,359.94,780,1600,-0.6582255191169679,0.018287528,0.030627330527931918,0.0003,0.2,0.9985226392745972,0.16064453125,-0.008289686404168606,-0.013911260248278268
-21.725189999999998,421,331776,162,358.99,787,1610,-0.6482846361584962,0.014009763,0.023965374490944668,0.0003,0.2,0.9984973669052124,0.1328125,-0.018940744921565056,-0.009253030967374797
-21.65189000000001,419,333824,163,357.69,795,1620,-0.7136871367692947,0.017447118,0.027605856499576475,0.0003,0.2,0.9984754323959351,0.1392578125,-0.014066603034734726,-0.011176591048570116
-21.629189999999998,418,335872,164,356.39,802,1630,-0.7248427640646696,0.016117029,0.029335090079985093,0.0003,0.2,0.9974274039268494,0.1283203125,0.02109750173985958,-0.009294924678397366
-21.321649999999998,417,337920,165,355.25,809,1640,-0.7573872971348464,0.014614062,0.024109668419987428,0.0003,0.2,0.9983286261558533,0.160888671875,-0.03263046592473984,-0.012691865433589555
-21.230410000000003,415,339968,166,354.51,817,1650,-0.7691854974254966,0.015798338,0.036229735540109685,0.0003,0.2,0.997071385383606,0.120068359375,-0.00935935229063034,-0.008346421288297278
-21.19058,414,342016,167,353.18,824,1660,-0.7216671627014876,0.019556724,0.02042976965312846,0.0003,0.2,0.9967443943023682,0.16650390625,-0.0001375330612063408,-0.012562779614381726
-20.881050000000005,413,344064,168,351.85,832,1670,-0.7102174401283264,0.020847905,0.02111988607503008,0.0003,0.2,0.9986407160758972,0.160498046875,-0.022110983729362488,-0.012097368549439125
-20.84251,412,346112,169,351.51,839,1680,-0.6685802461579442,0.015843,0.019633866932417733,0.0003,0.2,0.9989595413208008,0.16640625,-0.043211862444877625,-0.01102291041170247
-20.81336,411,348160,170,350.56,846,1690,-0.617984514683485,0.01928195,0.01890607867971994,0.0003,0.2,0.9988962411880493,0.13466796875,-0.0170170646160841,-0.011600353074027226
-20.24225,410,350208,171,349.75,853,1700,-0.6554319708608091,0.016289487,0.023800776441930793,0.0003,0.2,0.9981378316879272,0.108544921875,-0.020752882584929466,-0.008541820481332252
-20.0056,408,352256,172,349.8,861,1710,-0.6710145295597613,0.011522509,0.024321809418324847,0.0003,0.2,0.9966357946395874,0.1078125,-0.018273452296853065,-0.006831782632070826
-20.002409999999998,407,354304,173,350.11,869,1720,-0.656467323936522,0.012271288,0.029244783009926324,0.0003,0.2,0.9987275004386902,0.128662109375,-0.0010810717940330505,-0.009197488118661567
-19.986720000000002,406,356352,174,350.22,876,1730,-0.6522222572006285,0.019352542,0.02664191784861032,0.0003,0.2,0.9988465905189514,0.1298828125,-0.010800567455589771,-0.011436472768400563
-19.998350000000002,405,358400,175,351.25,883,1740,-0.6731436924077571,0.020320985,0.03184042903594673,0.0003,0.2,0.9981113076210022,0.15146484375,-0.001326514407992363,-0.013109178368176799
-20.01004,404,360448,176,352.64,891,1750,-0.6254971090704202,0.015639545,0.019120953969832044,0.0003,0.2,0.9989702701568604,0.13642578125,-0.001225735992193222,-0.009158201815444045
-20.01465,403,362496,177,353.45,898,1760,-0.6497874477878213,0.013712261,0.03565113802760607,0.0003,0.2,0.9981723427772522,0.11044921875,-0.008935228921473026,-0.006880976471438771
-20.021499999999996,402,364544,178,354.4,905,1770,-0.6205849085003138,0.020270765,0.02514098286483204,0.0003,0.2,0.9985975027084351,0.1357421875,-0.021753201261162758,-0.012370123095752205
-20.09222,401,366592,179,356.02,912,1780,-0.5925786803476513,0.013837116,0.019623456805129537,0.0003,0.2,0.9991976618766785,0.11201171875,-0.01132109947502613,-0.012074595212652639
-20.09163,400,368640,180,357.83,919,1790,-0.5566451198421418,0.015333355,0.01746640011842828,0.0003,0.2,0.9989367127418518,0.12802734375,-0.0262403916567564,-0.007563523081626044
-20.143120000000003,399,370688,181,360.02,927,1800,-0.5567590714432299,0.016390204,0.020293966562894637,0.0003,0.2,0.9991560578346252,0.12294921875,-0.0034321527928113937,-0.00900280317873694
-20.16619,398,372736,182,361.39,934,1810,-0.5948014847934247,0.01759343,0.018432606269198005,0.0003,0.2,0.9992692470550537,0.135693359375,-0.010641454719007015,-0.009629371055052616
-20.204420000000002,397,374784,183,362.62,942,1820,-0.5964619101025164,0.017643517,0.020133459915814455,0.0003,0.2,0.9986149072647095,0.1201171875,-0.0014243265613913536,-0.012021036672376795
-20.49628,396,376832,184,364.58,949,1830,-0.6203700626268983,0.01923115,0.02774554161296692,0.0003,0.2,0.9984034299850464,0.14169921875,-0.03705771267414093,-0.014191208714328241
-20.82678,396,378880,185,367.18,956,1840,-0.5788361163809895,0.010439251,0.14825717175699538,0.0003,0.2,0.9490903615951538,0.08896484375,-0.0032362472265958786,-0.009470444700855295
-20.87724,394,380928,186,369.44,964,1850,-0.5224602440372109,0.010625971,0.1798503372381674,0.0003,0.2,0.962879478931427,0.084619140625,0.015270797535777092,-0.005701612721168203
-21.40031,394,382976,187,370.81,971,1860,-0.5020170644856989,0.02355135,0.024418993431027047,0.0003,0.2,0.998975396156311,0.119677734375,-0.014632344245910645,-0.012632100141490809
-21.462619999999998,393,385024,188,372.22,978,1870,-0.5604451802559197,0.010566278,0.7140050309477374,0.0003,0.2,0.9317432641983032,0.08369140625,0.031558819115161896,-0.007702703781978926
-21.737849999999998,392,387072,189,374.55,985,1880,-0.5399765883572399,0.011229109,0.11351183402002789,0.0003,0.2,0.9760276079177856,0.098681640625,-0.009896071627736092,-0.009972645688685588
-21.757340000000003,391,389120,190,376.44,993,1890,-0.5249796718358993,0.015776038,0.6345875413739123,0.0003,0.2,0.943760871887207,0.07236328125,0.417831689119339,-0.004184024608548498
-22.016050000000003,390,391168,191,378.15,1001,1900,-0.5863551092334092,0.014204775,0.06650593567464966,0.0003,0.2,0.9932370185852051,0.137890625,0.007148149888962507,-0.007554452924523503
-22.052340000000004,389,393216,192,379.74,1008,1910,-0.5663655858486891,0.011733832,0.276464778551599,0.0003,0.2,0.9574263691902161,0.093701171875,0.011137900874018669,-0.007986711021658266
-22.04856,388,395264,193,381.36,1016,1920,-0.5428048779256642,0.012998993,0.04699282250803662,0.0003,0.2,0.9943271279335022,0.1265625,0.008429979905486107,-0.0064143989875447005
-22.31896,388,397312,194,382.96,1023,1930,-0.5739084864966572,0.01514527,0.03962293267250061,0.0003,0.2,0.9978067278862,0.120458984375,-0.05451761931180954,-0.010758184584847185
-22.292740000000002,387,399360,195,384.14,1031,1940,-0.5190748129971325,0.009536758,0.5993424856336788,0.0003,0.2,0.942216694355011,0.06064453125,0.0006160866469144821,-0.005720785900848568
-23.201810000000002,385,401408,196,376.31,1041,1950,-0.5874802922829986,0.084302545,0.0265176004904788,0.0003,0.2,0.9975571632385254,0.21181640625,-0.006514012813568115,-0.00894691849098308
-24.144289999999998,383,403456,197,366.59,1051,1960,-0.6802989131771028,0.009870667,2.9879520278889684,0.0003,0.2,0.7222648859024048,0.076025390625,0.7747318744659424,-0.005808528332272545
-24.785149999999994,381,405504,198,356.45,1061,1970,-0.7267618214711546,0.0073473416,1.1075224716681986,0.0003,0.2,0.9411343932151794,0.077294921875,0.10588760673999786,-0.007043326160783181
-25.41960999999999,380,407552,199,346.41,1072,1980,-0.7538903286680579,0.007209531,2.042543037049472,0.0003,0.2,0.9132753014564514,0.06142578125,0.40147000551223755,-0.0026973744235874618
-25.841330000000003,378,409600,200,335.83,1082,1990,-0.7241611577570438,0.0072830124,0.6700121151050553,0.0003,0.2,0.970395028591156,0.08349609375,0.0464148111641407,-0.008288465548685054
-25.959980000000005,376,411648,201,321.28,1093,2000,-0.7373059701174498,0.01937001,1.7196413870435208,0.0003,0.2,0.9496517181396484,0.104931640625,0.40473487973213196,-0.007321758683974622
-25.79861,374,413696,202,311.31,1103,2010,-0.7434985374100507,0.03196922,0.44538407432846727,0.0003,0.2,0.976139485836029,0.1541015625,0.12428852915763855,-0.005924797856278019
-26.673900000000003,373,415744,203,300.9,1114,2020,-0.6552779574878513,0.012167674,0.493087193206884,0.0003,0.2,0.9795620441436768,0.119677734375,0.05049990862607956,-0.0036494557120022365
-26.828719999999997,371,417792,204,290.62,1124,2030,-0.7591056214645505,0.006492174,2.3543582491576673,0.0003,0.2,0.945052444934845,0.091015625,0.9728413224220276,-0.006083801813656464
-26.895829999999997,370,419840,205,282.73,1134,2040,-0.7764800626784563,0.018745258,0.7778751728823409,0.0003,0.2,0.950657308101654,0.185498046875,0.2994301915168762,-0.0028016160147672055
-26.89439,368,421888,206,276.39,1143,2050,-0.7199041043408215,0.021738034,0.2220103589235805,0.0003,0.2,0.9769564270973206,0.18427734375,0.03525812551379204,-0.004986332970293006
-26.650249999999993,367,423936,207,270.45,1153,2060,-0.7468981554731726,0.024542136,0.06554597510257736,0.0003,0.2,0.9931973814964294,0.19296875,0.00018837209790945053,-0.007330738498421851
-26.986639999999998,366,425984,208,262.54,1163,2070,-0.6679162023589015,0.02043436,0.13537334881257265,0.0003,0.2,0.9872496128082275,0.159375,0.0029232874512672424,-0.008486425995943136
-26.19812,364,428032,209,265.32,1173,2080,-0.6920971063897013,0.012929113,0.45548378478270024,0.0003,0.2,0.9633938074111938,0.128515625,0.06618303060531616,-0.007472836558736162
-25.31804,363,430080,210,270.34,1181,2090,-0.6407909522764385,0.024863936,0.064577101188479,0.0003,0.2,0.9907518029212952,0.187255859375,0.033022813498973846,-0.007637612432881724
-26.263180000000002,362,432128,211,275.38,1190,2100,-0.5245223916135728,0.020743888,0.045576070548850114,0.0003,0.2,0.9914296865463257,0.134521484375,-0.042998142540454865,-0.00592517443219549
-25.907279999999997,361,434176,212,279.18,1199,2110,-0.6151669873856008,0.0065665822,0.9467941642971709,0.0003,0.2,0.8592002987861633,0.048046875,0.049288034439086914,-0.0033321858645649627
-25.303010000000004,360,436224,213,285.11,1208,2120,-0.584102903213352,0.012627296,0.16940966586698777,0.0003,0.2,0.9737657308578491,0.082275390625,0.0004168860614299774,-0.0061025446440908125
-25.24589,359,438272,214,291.49,1217,2130,-0.5926212663762271,0.017553302,0.08715658314176836,0.0003,0.2,0.9865056276321411,0.121044921875,-0.0009406544268131256,0.00033973777535720726
-25.13859,359,440320,215,298.99,1226,2140,-0.5688063989393413,0.006062475,0.6296190601191484,0.0003,0.2,0.9650359749794006,0.0701171875,0.09927640110254288,-0.004108306503621861
-24.781260000000003,358,442368,216,306.16,1235,2150,-0.5529732005670667,0.023392346,0.0483614812605083,0.0003,0.2,0.994638979434967,0.130712890625,-0.011145154014229774,-0.007532584034197498
-24.707220000000007,357,444416,217,310.42,1243,2160,-0.533817149605602,0.018561631,0.0544789071980631,0.0003,0.2,0.9959061741828918,0.153857421875,0.007430487312376499,-0.0067240851232782005
-24.36279,356,446464,218,316.89,1252,2170,-0.5173678308725357,0.018828869,0.18551285432768055,0.0003,0.2,0.9642021656036377,0.090283203125,-0.012165890075266361,-0.004481528470205376
-23.73173,355,448512,219,323.13,1261,2180,-0.5306527774780989,0.020508891,0.16331321990001016,0.0003,0.2,0.9633322954177856,0.121875,-0.003840964287519455,-0.0056902204756625
-23.592589999999994,354,450560,220,328.89,1269,2190,-0.5176543682813645,0.022685826,0.058154488148284146,0.0003,0.2,0.9915475249290466,0.131396484375,-0.035356584936380386,0.0026828828602447176
-23.266669999999994,354,452608,221,334.87,1278,2200,-0.49346001176163556,0.017409183,0.04508934955229051,0.0003,0.2,0.9882127046585083,0.12294921875,-0.009770309552550316,-0.004552187845547451
-23.2502,353,454656,222,338.6,1286,2210,-0.5155859122052788,0.024074629,0.032757334598863964,0.0003,0.2,0.997016429901123,0.148486328125,-0.01755853183567524,-0.007559666738961824
-23.226280000000003,352,456704,223,343.58,1295,2220,-0.5670233959332108,0.024670277,0.02254513540392509,0.0003,0.2,0.9980852007865906,0.135986328125,-0.0059302980080246925,-0.006634803360793739
-23.489459999999998,351,458752,224,347.36,1303,2230,-0.5742672376334668,0.01406437,0.028280166248441672,0.0003,0.2,0.9984808564186096,0.0990234375,0.003508719615638256,-0.0070218895594734935
-23.21511,351,460800,225,352.31,1311,2240,-0.5549058610573411,0.006557037,0.49583257504564243,0.0003,0.2,0.9139472246170044,0.056982421875,0.011967804282903671,-0.00161095494258916
-23.194730000000007,350,462848,226,358.13,1320,2250,-0.5168861121870577,0.014549492,0.051733168883947654,0.0003,0.2,0.9915981888771057,0.08515625,0.007548724301159382,-0.00642321943960269
-23.162549999999996,349,464896,227,360.65,1328,2260,-0.5691747340373695,0.03949488,0.032447405354469085,0.0003,0.2,0.9985053539276123,0.143603515625,0.002456875517964363,-0.011083353512367467
-23.10051,349,466944,228,362.91,1336,2270,-0.580898518487811,0.018648803,0.02371680177457165,0.0003,0.2,0.9983997344970703,0.143359375,-0.023037176579236984,-0.010867219680221751
-22.28156999999999,348,468992,229,366.67,1346,2280,-0.5475474168546498,0.02136125,0.024571851777727714,0.0003,0.2,0.9983493089675903,0.1314453125,-0.04834285378456116,-0.007982452733267564
-22.298560000000005,347,471040,230,369.76,1354,2290,-0.5765283901244402,0.01363984,0.6221739974309457,0.0003,0.2,0.9405597448348999,0.078173828125,0.1507449448108673,-0.0066627293330384415
-22.34599,347,473088,231,371.69,1362,2300,-0.577812562789768,0.009058457,0.5118617112020729,0.0003,0.2,0.9475109577178955,0.09716796875,0.6406152248382568,-0.00806110459525371
-22.06014,346,475136,232,374.24,1370,2310,-0.5715404630638659,0.012775003,0.07819056453881786,0.0003,0.2,0.9818111062049866,0.119677734375,-0.0009808233007788658,-0.00785494161391398
-22.308270000000004,345,477184,233,376.37,1380,2320,-0.5968885960057377,0.01566629,0.24819669918215367,0.0003,0.2,0.9618635773658752,0.09052734375,-0.004835890606045723,-0.008186588313401444
-22.284690000000005,345,479232,234,377.89,1388,2330,-0.6054417436011136,0.014866114,0.21075063968310132,0.0003,0.2,0.9791582822799683,0.120166015625,0.10759175568819046,-0.0032241277876892127
-22.07591,344,481280,235,379.81,1396,2340,-0.619985110964626,0.014621977,0.17208134459797292,0.0003,0.2,0.9675421714782715,0.104443359375,0.0055627040565013885,-0.005726766566658626
-22.026,344,483328,236,381.8,1404,2350,-0.6322261451743543,0.019054905,0.057481432557688096,0.0003,0.2,0.9946389198303223,0.1330078125,0.01740434765815735,-0.00869453966151923
-21.736149999999995,343,485376,237,383.55,1414,2360,-0.6358566495589912,0.0185165,0.037242513228557074,0.0003,0.2,0.9972585439682007,0.138916015625,-0.015659617260098457,-0.010959012873354369
-21.765549999999998,342,487424,238,383.85,1422,2370,-0.667941119056195,0.023720346,0.030776302686717827,0.0003,0.2,0.9971764087677002,0.188330078125,-0.028007512912154198,-0.010220958656282165
-21.818550000000002,341,489472,239,383.65,1432,2380,-0.6703172413632273,0.019236222,0.02243980449566152,0.0003,0.2,0.9988243579864502,0.1439453125,-0.018839051946997643,-0.008668388682417571
-21.817180000000004,341,491520,240,383.78,1440,2390,-0.6620350529439747,0.015364371,0.032710970476910003,0.0003,0.2,0.9979867935180664,0.126416015625,-0.0008645104244351387,-0.00774304241349455
-21.78435,340,493568,241,383.95,1450,2400,-0.7082597862929105,0.013733796,0.0425388099567499,0.0003,0.2,0.9972962737083435,0.142578125,-0.006754927337169647,-0.011287511371483561
-21.79573,339,495616,242,383.83,1459,2410,-0.665823296457529,0.015181611,0.029339475079905242,0.0003,0.2,0.9976921081542969,0.154296875,-0.017512062564492226,-0.009798549428523984
-21.538399999999996,338,497664,243,383.0,1468,2420,-0.7177220511250197,0.012101506,0.03205989613052225,0.0003,0.2,0.9976029992103577,0.121923828125,-0.02750089019536972,-0.01093769837752916
-21.477289999999996,338,499712,244,382.79,1477,2430,-0.6560560861602426,0.011259621,0.047286806447664274,0.0003,0.2,0.9979020953178406,0.103466796875,0.00020355265587568283,-0.007524880793062039
-21.467489999999998,337,501760,245,382.69,1486,2440,-0.656039173156023,0.01971347,0.016548595366475637,0.0003,0.2,0.9987324476242065,0.146240234375,-0.01060912013053894,-0.010098808941984316
-21.47216,336,503808,246,383.26,1495,2450,-0.649081748444587,0.018004432,0.02587377878080588,0.0003,0.2,0.9979810118675232,0.13349609375,-0.029394030570983887,-0.011314947267237585
-21.757909999999995,336,505856,247,382.81,1504,2460,-0.6414052622392774,0.01370143,0.021220587495190558,0.0003,0.2,0.9988714456558228,0.1478515625,-0.01129323709756136,-0.01097561881542788
-21.48332,335,507904,248,382.32,1512,2470,-0.6460893422365188,0.007466755,0.2397130940662464,0.0003,0.2,0.9398022890090942,0.07490234375,0.009016849100589752,-0.005817020369431702
-21.19587,334,509952,249,381.97,1522,2480,-0.6130427817814053,0.009423194,0.09130557655007579,0.0003,0.2,0.993021547794342,0.066552734375,0.07148700952529907,-0.009033385060320143
-21.419590000000003,334,512000,250,381.59,1531,2490,-0.6464954311959445,0.012043184,0.030245329554600176,0.0003,0.2,0.9955006837844849,0.12509765625,-0.003436182625591755,-0.010862906223337632
-21.15795,333,514048,251,380.55,1540,2500,-0.6242947182618082,0.010693293,0.41902526149642655,0.0003,0.2,0.9336955547332764,0.08232421875,-0.010306784883141518,-0.005392028646019753
-21.14286,333,516096,252,379.56,1549,2510,-0.6327740926295519,0.015133127,0.12227772993210237,0.0003,0.2,0.9854735136032104,0.09443359375,-0.0005880463868379593,-0.007763892170623876
-21.10213,332,518144,253,378.53,1559,2520,-0.694542748015374,0.013258898,0.14755519406171516,0.0003,0.2,0.970289945602417,0.089306640625,0.0074919890612363815,-0.012611652855412103
-21.06241,331,520192,254,377.31,1568,2530,-0.6903179304674267,0.01788193,0.06487749326915945,0.0003,0.2,0.9863865375518799,0.12236328125,-0.010081724263727665,-0.009093531464168336
-21.061909999999997,330,522240,255,375.91,1578,2540,-0.7242230834439397,0.014770253,0.03376625916425837,0.0003,0.2,0.9929569959640503,0.139404296875,-0.005534905940294266,-0.01110393062408548
-21.031079999999996,330,524288,256,375.38,1587,2550,-0.6937864473089576,0.019129546,0.03662461364874616,0.0003,0.2,0.9969847202301025,0.1234375,-0.022592533379793167,-0.012437099822273012
-21.012719999999995,329,526336,257,372.32,1598,2560,-0.709118411783129,0.022622086,0.04739828836463857,0.0003,0.2,0.9934566020965576,0.146875,0.008503914810717106,-0.013654558798771177
-20.99877,328,528384,258,369.67,1608,2570,-0.7450452383607626,0.012340354,0.12915244093164802,0.0003,0.2,0.9883142113685608,0.120751953125,0.028563950210809708,-0.009270580657175741
-20.974280000000004,327,530432,259,366.78,1618,2580,-0.7624667493626476,0.016019082,0.06072249249555171,0.0003,0.2,0.9952840805053711,0.145263671875,-0.0007011629641056061,-0.014292116449360038
-20.94365,326,532480,260,364.85,1628,2590,-0.7445856353268028,0.012776954,0.04534944274346344,0.0003,0.2,0.9962759017944336,0.13046875,-0.029549239203333855,-0.012413435784401372
-21.236670000000004,326,534528,261,363.07,1639,2600,-0.7122570699080825,0.012261633,0.03648197320871986,0.0003,0.2,0.9971975088119507,0.13720703125,-0.01643521711230278,-0.013622697831306142
-21.286850000000005,325,536576,262,361.05,1649,2610,-0.7226745045743883,0.013900426,1.1025389280053788,0.0003,0.2,0.9404973387718201,0.0923828125,0.07028879970312119,-0.008947573578188895
-21.297159999999998,324,538624,263,359.26,1659,2620,-0.7479358435608446,0.01587113,0.08548924686620012,0.0003,0.2,0.9885586500167847,0.11650390625,0.03197471424937248,-0.012506468591891463
-21.58306,323,540672,264,358.36,1669,2630,-0.6413000053726137,0.020909704,0.03920174697123002,0.0003,0.2,0.9965133666992188,0.14306640625,-0.024228006601333618,-0.019272187916794793
-21.31693,323,542720,265,357.53,1679,2640,-0.6207947166636586,0.011981852,0.4607267536397558,0.0003,0.2,0.9345430135726929,0.078662109375,-0.0059686340391635895,-0.00310086596509791
-21.28493999999999,322,544768,266,356.64,1689,2650,-0.6278413730673492,0.017451415,0.03515689646592364,0.0003,0.2,0.9973674416542053,0.13837890625,-0.0006069205701351166,-0.007318589012356824
-21.019070000000006,321,546816,267,354.37,1700,2660,-0.6290976800024509,0.021655444,0.033510111877694725,0.0003,0.2,0.9979836344718933,0.145703125,0.004714088514447212,-0.007012412734911777
-21.033340000000003,320,548864,268,352.24,1710,2670,-0.670759829133749,0.02974213,0.07123137661255896,0.0003,0.2,0.9908527135848999,0.11630859375,-0.00473523885011673,-0.005679960204724921
-20.76892,320,550912,269,351.22,1719,2680,-0.6702843771316112,0.017948547,0.05552036882436369,0.0003,0.2,0.9952561259269714,0.131689453125,-0.022822033613920212,-0.013079688111611176
-20.74921,319,552960,270,350.21,1730,2690,-0.6646500390954315,0.015380479,0.031640596679062584,0.0003,0.2,0.9971364736557007,0.141943359375,-0.019943322986364365,-0.013027235593472141
-20.75963,318,555008,271,349.93,1740,2700,-0.6631735210306943,0.012826555,0.05051516094245016,0.0003,0.2,0.9972258806228638,0.1173828125,-0.009618624113500118,-0.012079458076186711
-20.801379999999998,318,557056,272,350.48,1749,2710,-0.6526138758286834,0.01537317,0.03470847937423969,0.0003,0.2,0.9983105659484863,0.1310546875,-0.004426386207342148,-0.010511444497387857
-20.87044,317,559104,273,350.34,1760,2720,-0.6524523924104869,0.015495535,0.03111383842478972,0.0003,0.2,0.9979163408279419,0.1296875,0.02266494184732437,-0.011605791881447659
-20.858539999999998,317,561152,274,352.14,1769,2730,-0.6679350545629859,0.013788957,0.031380488610011525,0.0003,0.2,0.9976232647895813,0.126953125,-0.0059594158083200455,-0.009726798289921134
-21.14191,316,563200,275,355.41,1780,2740,-0.6306389736011624,0.014307928,0.026489580870838837,0.0003,0.2,0.9988624453544617,0.132568359375,-0.01374954916536808,-0.013714532928133849
-21.378739999999993,315,565248,276,357.64,1789,2750,-0.633860316220671,0.007931822,1.3040082968247588,0.0003,0.2,0.9450852870941162,0.068994140625,0.0680883601307869,-0.005889093139558099
-21.397909999999996,315,567296,277,360.51,1798,2760,-0.6474457719363272,0.008098866,0.29644903257431,0.0003,0.2,0.969032883644104,0.079248046875,0.040413323789834976,-0.00946355773266987
-21.08221,314,569344,278,363.21,1809,2770,-0.651791931502521,0.012058139,0.10006111358525231,0.0003,0.2,0.9866747260093689,0.109326171875,-0.007953111082315445,-0.01137088574032532
-21.06648,314,571392,279,364.58,1818,2780,-0.6822398704476654,0.01800976,0.03246736200526357,0.0003,0.2,0.9974209070205688,0.171435546875,-0.031898029148578644,-0.008593300121719948
-21.261229999999998,313,573440,280,365.83,1829,2790,-0.638064793497324,0.012166135,0.04074129896762315,0.0003,0.2,0.9971282482147217,0.13173828125,-0.0008235536515712738,-0.010955748980632053
-21.279579999999996,312,575488,281,366.48,1840,2800,-0.6449967413209379,0.010517293,0.6569553738285322,0.0003,0.2,0.9326232671737671,0.09306640625,0.013469241559505463,-0.0060761271404771834
-21.281100000000002,312,577536,282,366.5,1849,2810,-0.6102623239159584,0.024040334,0.06249088169424795,0.0003,0.2,0.9909093976020813,0.13046875,0.01913999393582344,-0.007442863073083572
-21.297160000000005,311,579584,283,366.96,1860,2820,-0.6389177496545017,0.010003452,0.4806041597475996,0.0003,0.2,0.9435716271400452,0.0931640625,0.1946253925561905,-0.003701462751996587
-21.836470000000006,311,581632,284,366.87,1869,2830,-0.5966785462573171,0.01140877,0.15361571802641266,0.0003,0.2,0.974769115447998,0.081884765625,-0.014513980597257614,-0.005794946481182705
-21.850569999999998,310,583680,285,368.47,1880,2840,-0.635698383115232,0.010803939,0.6086891953309532,0.0003,0.2,0.926805317401886,0.06943359375,0.5070056319236755,-0.0048037733366072645
-21.81571,309,585728,286,369.61,1890,2850,-0.6260438461787998,0.012981114,0.13937688054866157,0.0003,0.2,0.9708547592163086,0.11279296875,-0.010354164987802505,-0.0038833678925584538
-21.80081,309,587776,287,370.41,1901,2860,-0.7025914289988577,0.021556474,0.034193354283343066,0.0003,0.2,0.9958307147026062,0.1830078125,-0.031841788440942764,-0.008157738455338404
-21.78861000000001,308,589824,288,370.91,1910,2870,-0.7105484234169126,0.0158366,0.03928754498192575,0.0003,0.2,0.995017409324646,0.146484375,-0.03843555599451065,-0.012434455509355758
-21.79485,308,591872,289,371.95,1921,2880,-0.7075023633427918,0.014356555,0.036995786355691965,0.0003,0.2,0.9979797601699829,0.143505859375,0.015676068142056465,-0.011253292034962215
-22.30377,307,593920,290,372.07,1931,2890,-0.6874927083961666,0.01418459,0.04362676551972981,0.0003,0.2,0.9962494969367981,0.117822265625,-0.008021460846066475,-0.00959603663541202
-22.502509999999997,306,595968,291,372.31,1941,2900,-0.6769346002489328,0.011802301,0.6415921228704974,0.0003,0.2,0.9230870604515076,0.060888671875,-0.00893436186015606,-0.003734937240369618
-22.736720000000002,306,598016,292,373.02,1951,2910,-0.6689165804535151,0.00830202,0.3983473808242707,0.0003,0.2,0.9548386335372925,0.068359375,0.013582980260252953,-0.004739399551363021
-22.426519999999996,305,600064,293,372.52,1962,2920,-0.6654469425790012,0.009872206,0.10642788709665182,0.0003,0.2,0.9897640347480774,0.0830078125,0.011061562225222588,-0.003660144490277162
-22.42102,305,602112,294,372.32,1972,2930,-0.6826294283382595,0.013596099,0.05040770756022539,0.0003,0.2,0.9920989274978638,0.127099609375,-0.02301955223083496,-0.0024216748010076118
-22.402989999999996,304,604160,295,371.89,1983,2940,-0.7184581303969025,0.010082181,0.08931880847958382,0.0003,0.2,0.9770317077636719,0.086474609375,0.02543802559375763,-0.003323838189680828
-22.39321,304,606208,296,371.21,1993,2950,-0.6923118609935045,0.012165785,0.29427318284870124,0.0003,0.2,0.9661902189254761,0.069580078125,0.17458097636699677,-0.004068013825599337
-22.37825000000001,303,608256,297,370.95,2004,2960,-0.6916995000094175,0.010069801,0.03893089193152264,0.0003,0.2,0.9969874620437622,0.12138671875,0.007195261772722006,-0.006964394393799011
-22.12621,302,610304,298,371.31,2014,2970,-0.6655099228955805,0.015810877,0.051490320544689896,0.0003,0.2,0.996751070022583,0.123388671875,-0.021005652844905853,-0.009071884288641741
-22.143980000000003,302,612352,299,372.38,2024,2980,-0.6420771760866046,0.039732207,0.028553895697405095,0.0003,0.2,0.9978849291801453,0.156787109375,-0.024184130132198334,-0.013252629205817356
-21.862019999999998,301,614400,300,373.42,2035,2990,-0.6304455942474305,0.021672033,0.035268173100485,0.0003,0.2,0.9969411492347717,0.151513671875,-0.013448814861476421,-0.009232864384830463
-22.13558,301,616448,301,374.38,2045,3000,-0.6268599553965032,0.016651655,0.02767796932894271,0.0003,0.2,0.9970951676368713,0.1232421875,-0.020733188837766647,-0.009522714516788256
-22.39062,300,618496,302,375.32,2055,3010,-0.6160589346662164,0.012940467,0.47111887718201617,0.0003,0.2,0.9378994107246399,0.0845703125,0.014839373528957367,-0.004919435068586608
-22.14116,300,620544,303,376.46,2065,3020,-0.6000918634235859,0.012529203,0.22694152084586677,0.0003,0.2,0.971870481967926,0.071484375,0.042628392577171326,-0.006937976297922433
-22.424759999999996,299,622592,304,378.06,2076,3030,-0.5973875114694238,0.022837447,0.12044201235694345,0.0003,0.2,0.9865161180496216,0.109765625,-0.006408818066120148,-0.006374873872846365
-22.453000000000007,299,624640,305,379.6,2086,3040,-0.6148644872009754,0.013942661,0.19006598642736208,0.0003,0.2,0.9674891829490662,0.08642578125,0.08226627856492996,-0.0038219943016883917
-22.72969,298,626688,306,381.29,2096,3050,-0.6102500924840569,0.0217224,0.17836880255490542,0.0003,0.2,0.9719945192337036,0.0939453125,0.007866669446229935,-0.0014080240856856109
-22.769119999999994,298,628736,307,382.52,2106,3060,-0.5921480431221425,0.016674377,0.16650125291489531,0.0003,0.2,0.9811691045761108,0.093408203125,0.08386337757110596,-0.003883266688353615
-22.48013,298,630784,308,383.53,2116,3070,-0.5854638608172535,0.014716218,0.02493409721791977,0.0003,0.2,0.9982404708862305,0.125048828125,-0.02858017385005951,-0.00838910717284307
-22.160350000000008,297,632832,309,384.65,2126,3080,-0.5681180468760431,0.01341196,0.01873967298597563,0.0003,0.2,0.9978342652320862,0.130322265625,0.018046606332063675,-0.009285501486010617
-21.8939,297,634880,310,386.2,2136,3090,-0.5594386565499008,0.016474385,0.017088135681115092,0.0003,0.2,0.9984275698661804,0.13798828125,-0.01844634674489498,-0.008692558552138508
-21.624119999999998,296,636928,311,387.62,2146,3100,-0.56254365388304,0.01772283,0.019378724170383065,0.0003,0.2,0.9985030293464661,0.123828125,-0.00883525237441063,-0.008008153304399458
-21.654439999999994,296,638976,312,388.24,2158,3110,-0.6116654431447387,0.022711303,0.03009016692376463,0.0003,0.2,0.9976135492324829,0.145458984375,0.011406606063246727,-0.008058907192753395
-21.666949999999996,295,641024,313,388.65,2168,3120,-0.6250354589894414,0.016662754,0.022520868535502815,0.0003,0.2,0.9979304671287537,0.1080078125,-0.009330990724265575,-0.0065717057317669966
-21.385619999999996,294,643072,314,389.42,2180,3130,-0.600111776497215,0.023860948,0.025231260532746092,0.0003,0.2,0.9975874423980713,0.12041015625,-0.0026575205847620964,-0.012030172813683748
-21.42713,294,645120,315,390.93,2190,3140,-0.5892480745911598,0.014657675,0.01941194955143146,0.0003,0.2,0.9987220764160156,0.1287109375,-0.0029648286290466785,-0.00844881930242991
-21.454349999999998,294,647168,316,391.75,2200,3150,-0.6120491039007903,0.026801702,0.02791855723480694,0.0003,0.2,0.9985672831535339,0.100830078125,-0.0060022324323654175,-0.007650320354878204
-21.459339999999997,293,649216,317,392.64,2210,3160,-0.6202871765941381,0.01801516,0.021133495362300893,0.0003,0.2,0.9985079765319824,0.135400390625,-0.021908031776547432,-0.008450532150891376
-21.412500000000005,293,651264,318,393.2,2220,3170,-0.6231720311567187,0.015464105,0.019952548571745866,0.0003,0.2,0.9976849555969238,0.118310546875,-0.021557873114943504,-0.010011404394026613
-21.38589,292,653312,319,393.39,2232,3180,-0.6176115695387125,0.012744874,0.023026222351472826,0.0003,0.2,0.9982591271400452,0.1033203125,0.007325943559408188,-0.008518565937993116
-21.110329999999998,292,655360,320,393.43,2242,3190,-0.5892665066756309,0.012599113,0.018210063097649255,0.0003,0.2,0.9988437294960022,0.106201171875,-0.02569454163312912,-0.0027858044988533946
-20.83131,291,657408,321,392.91,2253,3200,-0.6202760661952198,0.018009685,0.02051369422188145,0.0003,0.2,0.9989433884620667,0.1162109375,-0.018963921815156937,-0.005699470680337981
-20.550150000000002,291,659456,322,392.05,2265,3210,-0.6219581208191812,0.016977653,0.03149888533953345,0.0003,0.2,0.9978255033493042,0.115283203125,-0.025411859154701233,-0.007634596785646863
-20.25895,290,661504,323,391.75,2275,3220,-0.614841784350574,0.015184091,0.021735114361217712,0.0003,0.2,0.9986451268196106,0.11259765625,-0.04004114493727684,-0.00913604491870501
-20.278460000000003,290,663552,324,391.26,2286,3230,-0.6106445814482868,0.012717932,0.021654982860491147,0.0003,0.2,0.9990382790565491,0.10126953125,-0.009550044313073158,-0.005217048464692198
-20.01145,289,665600,325,390.75,2298,3240,-0.6351887611672282,0.012583362,0.022018637320434208,0.0003,0.2,0.9981281161308289,0.1201171875,-0.01130557619035244,-0.00688855069456622
-20.021169999999998,289,667648,326,390.47,2308,3250,-0.592780358530581,0.017739108,0.019978449707559777,0.0003,0.2,0.998964250087738,0.120458984375,-0.009945079684257507,-0.006463939102832228
-20.06934,288,669696,327,390.44,2319,3260,-0.5922320667654276,0.014331715,0.017610172927379607,0.0003,0.2,0.9993596076965332,0.112451171875,-0.014133799821138382,-0.006308930482191499
-20.143520000000002,288,671744,328,390.22,2329,3270,-0.5658071776852012,0.010815461,0.017993974233104382,0.0003,0.2,0.9992282390594482,0.101025390625,-0.005671246908605099,-0.007932192923180991
-20.193830000000002,287,673792,329,389.93,2339,3280,-0.5376905741170048,0.011287247,0.019144466210855172,0.0003,0.2,0.9993096590042114,0.09326171875,-0.014527847990393639,-0.0040979910409078
-20.25467,287,675840,330,388.97,2351,3290,-0.5603004939854145,0.015472043,0.021436777651979357,0.0003,0.2,0.9991518259048462,0.103515625,-0.0041669271886348724,-0.007085176824330119
-20.262649999999997,286,677888,331,389.35,2362,3300,-0.548953085206449,0.01892028,0.022704217013233573,0.0003,0.2,0.9992411732673645,0.114453125,-0.008547380566596985,-0.009052604777753003
-20.265690000000003,286,679936,332,390.09,2372,3310,-0.5614956356585026,0.014546894,0.018364782809658208,0.0003,0.2,0.9990405440330505,0.111962890625,-0.00026274891570210457,-0.0050231999106472355
-20.31025,286,681984,333,390.55,2383,3320,-0.569687986932695,0.020547658,0.01818606225278927,0.0003,0.2,0.9992013573646545,0.106689453125,-0.0019892118871212006,-0.004909274321835255
-20.320119999999996,285,684032,334,390.42,2393,3330,-0.5512381456792355,0.029095339,0.02029063678201055,0.0003,0.2,0.999067485332489,0.120068359375,-0.029038729146122932,-0.009368775505572557
-20.24466,285,686080,335,390.56,2405,3340,-0.5306423156522214,0.01765071,0.0190055866347393,0.0003,0.2,0.9991082549095154,0.121240234375,-0.011524570174515247,-0.004338815471419366
-20.24956,284,688128,336,390.16,2416,3350,-0.5410458826459944,0.014349122,0.02252928312664153,0.0003,0.2,0.9987154006958008,0.09794921875,0.011086240410804749,-0.005595143188838847
-20.27042,284,690176,337,389.52,2426,3360,-0.567915808595717,0.01778952,0.022061572628444992,0.0003,0.2,0.9987335801124573,0.10595703125,-0.007377637550234795,-0.005754510133556323
-20.54147,283,692224,338,389.67,2437,3370,-0.5372980672866106,0.024862882,0.0239251227787463,0.0003,0.2,0.9982682466506958,0.10986328125,-0.0060109407640993595,-0.009699336745325127
-20.573320000000002,283,694272,339,390.02,2449,3380,-0.5226787493564189,0.008283673,0.4763114085770212,0.0003,0.2,0.9434319734573364,0.0533203125,0.04959537088871002,-0.002447759820643114
-20.547360000000005,283,696320,340,391.16,2460,3390,-0.5274397182278335,0.013412376,0.07874545087543083,0.0003,0.2,0.9813902378082275,0.092724609375,0.014000223949551582,-0.003833135846798541
-20.52746,282,698368,341,392.46,2470,3400,-0.516050859540701,0.023107968,0.01946121053842944,0.0003,0.2,0.9980363845825195,0.11806640625,-0.019346289336681366,-0.0027959664672380312
-20.777330000000003,282,700416,342,392.63,2481,3410,-0.5455915768630802,0.019498833,0.015471351525047795,0.0003,0.2,0.9987592697143555,0.145361328125,-0.0159121286123991,-0.005784565953945275
-20.79446,281,702464,343,392.36,2492,3420,-0.5921025853604078,0.012152671,0.6836325511161704,0.0003,0.2,0.9289403557777405,0.07041015625,0.0363861620426178,-0.0023835294239688666
-20.785929999999997,281,704512,344,392.03,2504,3430,-0.5660330059938132,0.011061264,0.12022254267940298,0.0003,0.2,0.9839065670967102,0.062158203125,0.017275497317314148,-0.005798934287304292
-20.757530000000003,280,706560,345,391.83,2515,3440,-0.6308717529289425,0.0116666695,0.10408922143105884,0.0003,0.2,0.9760209321975708,0.093896484375,0.02196190319955349,-0.007471581381105352
-21.019000000000005,280,708608,346,390.3,2528,3450,-0.610654442384839,0.011743091,0.04223031998844817,0.0003,0.2,0.99462890625,0.106982421875,-0.024337470531463623,-0.005376312922453508
-21.27514,279,710656,347,388.74,2539,3460,-0.618430539779365,0.008924488,0.7108583486638963,0.0003,0.2,0.9407864212989807,0.05595703125,0.023251399397850037,-0.002534615895092429
-21.55404,279,712704,348,386.64,2551,3470,-0.649143173918128,0.014588372,0.33571242025354875,0.0003,0.2,0.968195378780365,0.060888671875,0.03619581460952759,-0.00013386892460403032
-21.52321,278,714752,349,386.41,2562,3480,-0.6566031300462782,0.0073595187,0.1649375606328249,0.0003,0.2,0.9894969463348389,0.05947265625,0.12711167335510254,-0.006984570954955416
-22.076430000000002,278,716800,350,384.83,2575,3490,-0.6433359876275062,0.028274618,0.02348781153705204,0.0003,0.2,0.9977803826332092,0.158642578125,-0.015616713091731071,-0.010983063912135549
-22.323780000000006,277,718848,351,382.98,2587,3500,-0.683393104467541,0.009706773,0.6342375467414968,0.0003,0.2,0.9600837230682373,0.048583984375,0.03606780990958214,-0.0022657532219454877
-22.341670000000004,277,720896,352,381.37,2598,3510,-0.6729437176138162,0.013441377,0.12694527179701254,0.0003,0.2,0.9806003570556641,0.0873046875,0.011410791426897049,-0.005573819299024762
-22.39778,276,722944,353,379.48,2611,3520,-0.7217647569254041,0.009928245,0.12779416543780825,0.0003,0.2,0.9729328155517578,0.0611328125,0.017545506358146667,-0.004909394343849271
-22.41059,276,724992,354,377.49,2623,3530,-0.706752679310739,0.013682995,0.13876034868881107,0.0003,0.2,0.9734209775924683,0.075048828125,0.011994898319244385,-0.0033476348413387313
-22.71139,275,727040,355,376.79,2634,3540,-0.6919110217131674,0.020391656,0.037799387419363485,0.0003,0.2,0.9958850145339966,0.1171875,0.0018424950540065765,-0.005684942578955088
-22.948620000000002,275,729088,356,374.52,2647,3550,-0.6734515180811286,0.012586544,0.5157832178403623,0.0003,0.2,0.9478138089179993,0.082373046875,0.0034164637327194214,-7.536433622590266e-05
-22.66891,274,731136,357,372.71,2661,3560,-0.6581870893016457,0.01567482,0.39333051693974996,0.0003,0.2,0.9491078853607178,0.09794921875,0.01661423221230507,-0.0005444826900202315
-22.64889,274,733184,358,371.79,2672,3570,-0.6320904763415456,0.019026462,0.1075022000062745,0.0003,0.2,0.9840230941772461,0.076318359375,0.006195075809955597,-0.0037026423327915837
-22.92091999999999,273,735232,359,369.32,2684,3580,-0.624230180773884,0.017432287,0.025328746138256975,0.0003,0.2,0.9977755546569824,0.134375,-0.024024348706007004,-0.0018002139651798644
-22.65685,273,737280,360,368.75,2696,3590,-0.6067800011485815,0.011988508,0.3061576042906381,0.0003,0.2,0.9419578313827515,0.06064453125,0.017462966963648796,-0.002999760233433335
-22.646870000000003,272,739328,361,367.87,2708,3600,-0.6140902553685009,0.023838572,0.025381442756042816,0.0003,0.2,0.9979210495948792,0.10888671875,-0.017688803374767303,-0.007219045454257866
-22.57302,272,741376,362,367.52,2720,3610,-0.5970065716654063,0.026828762,0.029139470186783,0.0003,0.2,0.9976816177368164,0.121826171875,-0.00879605207592249,-0.002394596242811531
-22.542449999999995,272,743424,363,367.25,2731,3620,-0.5997199952602387,0.026905892,0.02270325496501755,0.0003,0.2,0.9974199533462524,0.11240234375,-0.011545535176992416,-0.0038896563564776443
-22.23654,271,745472,364,367.84,2744,3630,-0.5263516839593649,0.018780384,0.025885993309202604,0.0003,0.2,0.9986511468887329,0.0904296875,-0.01182552706450224,-0.0039751344695105216
-21.90093,271,747520,365,369.33,2755,3640,-0.5393279767595232,0.014202118,0.018368996721983423,0.0003,0.2,0.9989587068557739,0.09443359375,-0.019484268501400948,-0.0017061750826542267
-21.580119999999997,270,749568,366,370.92,2766,3650,-0.46898687900975344,0.021098826,0.021697845960443374,0.0003,0.2,0.998573362827301,0.085595703125,-0.023337630555033684,-0.0037318156224500853
-21.52317,270,751616,367,371.67,2778,3660,-0.4857637662440538,0.0135765765,0.02047566287074005,0.0003,0.2,0.998729407787323,0.067333984375,-0.01758754253387451,-0.00010629061362124048
-21.13715,270,753664,368,373.35,2791,3670,-0.46365449037402867,0.011623085,0.022016973174322628,0.0003,0.2,0.9991980791091919,0.073681640625,-0.005018578376621008,-0.0035658610591781325
-20.840169999999997,269,755712,369,374.37,2802,3680,-0.5022178026847541,0.025457859,0.019316538789280458,0.0003,0.2,0.9990094304084778,0.096533203125,0.003782120533287525,-0.00287679693865357
-20.594230000000003,269,757760,370,376.13,2813,3690,-0.49018166344612835,0.017180316,0.03412054427171825,0.0003,0.2,0.9974234104156494,0.0759765625,0.00911051593720913,-0.0023486140675231582
-20.54906,268,759808,371,378.36,2825,3700,-0.4597840543836355,0.030441333,0.029256650342722422,0.0003,0.2,0.9983326196670532,0.0830078125,-0.019203830510377884,-0.004699915515084285
-20.502760000000002,268,761856,372,380.36,2836,3710,-0.44877509735524657,0.04242594,0.021670055355934893,0.0003,0.2,0.9989374876022339,0.082421875,-0.01400600466877222,-0.001389400303014554
-20.192149999999998,268,763904,373,382.75,2848,3720,-0.42282789046876135,0.0387801,0.021316337925964036,0.0003,0.2,0.9988924860954285,0.089404296875,-0.006573336198925972,-0.003647878403717186
-19.87648,267,765952,374,384.48,2861,3730,-0.42613430549390613,0.034233894,0.01758287902994198,0.0003,0.2,0.9994521141052246,0.10146484375,-0.00646519148722291,-0.005183000613033073
-19.884079999999997,267,768000,375,386.28,2873,3740,-0.4169594697188586,0.015165312,0.03240782358479919,0.0003,0.2,0.9985388517379761,0.07587890625,0.047289274632930756,-0.0019082094324403443
-20.37299,266,770048,376,388.49,2884,3750,-0.41792398346588017,0.04167015,0.01822386258500046,0.0003,0.2,0.9989563226699829,0.089501953125,-0.02336805686354637,-0.0038118823496915864
-20.90349,266,772096,377,389.89,2896,3760,-0.40442997496575117,0.017496094,0.6129770766128786,0.0003,0.2,0.9111096858978271,0.06240234375,0.06854843348264694,-0.003075888677267358
-20.64262,266,774144,378,392.02,2907,3770,-0.4157735925167799,0.013446078,1.121924419712741,0.0003,0.2,0.9637374877929688,0.035986328125,0.07633333653211594,-0.00201935105251323
-20.645509999999998,265,776192,379,394.41,2919,3780,-0.41174705051817,0.014809862,0.19837270912248642,0.0003,0.2,0.9701375365257263,0.063134765625,0.03998984768986702,0.001705968880560249
-20.63009,265,778240,380,395.79,2931,3790,-0.4448582848533988,0.02860745,0.036299653476453385,0.0003,0.2,0.9944062232971191,0.1294921875,0.001232536043971777,-0.00021957499120617285
-20.593629999999997,265,780288,381,395.83,2943,3800,-0.5216009353287518,0.06637939,0.026415933134558145,0.0003,0.2,0.9976077079772949,0.159521484375,-0.0030301325023174286,-0.006615928223618539
-20.63254,264,782336,382,395.64,2956,3810,-0.5864067039452493,0.022586368,0.020546617823129054,0.0003,0.2,0.9980888366699219,0.1416015625,0.01961497776210308,-0.00420959632465383
-20.65192,264,784384,383,395.92,2968,3820,-0.5789082522504032,0.018974848,0.023748402480850927,0.0003,0.2,0.9985883235931396,0.087451171875,-0.0019475999288260937,-0.007272516605735291
-20.652469999999997,263,786432,384,395.27,2979,3830,-0.6131868607364594,0.021294117,0.019791863999853377,0.0003,0.2,0.9985882043838501,0.087255859375,0.034764040261507034,-0.0073326512836501935
-20.6569,263,788480,385,395.0,2993,3840,-0.5600650786422193,0.009752331,0.01954621932673035,0.0003,0.2,0.9987512826919556,0.07685546875,0.022599296644330025,-0.0022724690854374783
-20.68288,263,790528,386,394.18,3005,3850,-0.5726614095270633,0.016169814,0.02104688307954348,0.0003,0.2,0.9988439083099365,0.081982421875,-0.005689132027328014,-0.005890318971069064
-20.696810000000006,262,792576,387,393.41,3018,3860,-0.5676406896673143,0.02210034,0.02041664169591968,0.0003,0.2,0.9988477230072021,0.093408203125,-0.002773159183561802,-0.008063777139614103
-20.73201,262,794624,388,392.71,3030,3870,-0.5303335020318627,0.030851226,0.023532512746169233,0.0003,0.2,0.9988400936126709,0.087109375,0.028689946979284286,-0.005039255371229956
-20.726510000000005,261,796672,389,391.61,3042,3880,-0.5778102635405957,0.0396798,0.019087895312986804,0.0003,0.2,0.9986727833747864,0.121875,0.0159435011446476,-0.009125893450982404
-20.719659999999998,261,798720,390,390.66,3055,3890,-0.5069074576720596,0.057872366,0.04538540199428098,0.0003,0.2,0.995414137840271,0.091845703125,0.01725017838180065,-0.007638546552334447
-20.736900000000002,261,800768,391,389.6,3067,3900,-0.5173171425238252,0.057928603,0.023200852883746848,0.0003,0.2,0.9987313151359558,0.12421875,-0.002182147465646267,-0.004801952677371446
-20.765389999999996,260,802816,392,388.99,3079,3910,-0.48218019474297763,0.06979455,0.03886771139223129,0.0003,0.2,0.9971945285797119,0.114501953125,-0.009141558781266212,-0.005403373019362334
-20.78875,260,804864,393,388.55,3093,3920,-0.46127627780660985,0.042756513,0.023999510411522353,0.0003,0.2,0.9981691241264343,0.108203125,0.008681222796440125,-0.004376805630454328
-20.80376,259,806912,394,388.26,3105,3930,-0.47413428984582423,0.039452605,0.019767279444931774,0.0003,0.2,0.9988961815834045,0.123828125,0.014266468584537506,-0.009923400507250334
-20.28888,259,808960,395,387.48,3116,3940,-0.4498872056603432,0.02086088,0.02111565311352024,0.0003,0.2,0.998751163482666,0.10205078125,-0.00247151218354702,-0.001496120778756449
-19.80408,259,811008,396,385.28,3130,3950,-0.5011465770192445,0.028492192,0.017490625013306272,0.0003,0.2,0.9990270137786865,0.14365234375,0.0020068767480552197,-0.002158913562016096
-19.813699999999997,258,813056,397,383.4,3142,3960,-0.5874984215945005,0.017403867,0.033243765855149834,0.0003,0.2,0.9978686571121216,0.107666015625,-0.015547357499599457,-0.0053115862450795245
-19.80804,258,815104,398,380.94,3156,3970,-0.6051125852391124,0.026822181,0.018937539975740946,0.0003,0.2,0.9989609718322754,0.132421875,-0.03050379455089569,-0.008796230709413067
-20.098589999999998,257,817152,399,380.59,3168,3980,-0.598068050853908,0.013993964,0.04477246159658534,0.0003,0.2,0.9970110654830933,0.0919921875,-0.0071783894672989845,-0.005023056550271576
-20.101779999999998,257,819200,400,381.48,3180,3990,-0.5928409380838275,0.010981932,0.23901079055212904,0.0003,0.2,0.9418901205062866,0.064697265625,-0.0010390598326921463,-0.00527235628615017
-20.657830000000004,257,821248,401,381.93,3194,4000,-0.5719039550051093,0.029077299,0.07668900846183532,0.0003,0.2,0.9846528172492981,0.089453125,-0.004831777885556221,-0.003819132486387389
-21.188299999999998,256,823296,402,382.1,3207,4010,-0.5837798486463726,0.0058743376,1.5507090307597537,0.0003,0.2,0.8998411297798157,0.03173828125,0.18995097279548645,-0.0035200465674279256
-21.762789999999995,256,825344,403,382.49,3219,4020,-0.5844373595900834,0.008674702,0.49199355382588694,0.0003,0.2,0.9703254103660583,0.051953125,0.06245410814881325,-0.006408557842951268
-22.02829,256,827392,404,382.99,3231,4030,-0.5579904071986675,0.009045475,0.7062188751529902,0.0003,0.2,0.9566658735275269,0.04140625,0.2505614757537842,-0.0014009257472935132
-22.070569999999996,255,829440,405,383.87,3245,4040,-0.5723853324539959,0.007080417,0.6962895339238457,0.0003,0.2,0.9551136493682861,0.029345703125,0.1709335595369339,-0.001593329389288556
-22.37482,255,831488,406,383.72,3257,4050,-0.5821394168771803,0.020214401,0.1136698296875693,0.0003,0.2,0.9748189449310303,0.115478515625,0.0035310080274939537,-0.0005549063032958656
-22.41078999999999,254,833536,407,383.19,3272,4060,-0.6373484618030488,0.020978775,0.7467168498493265,0.0003,0.2,0.9401999115943909,0.077783203125,0.02193564549088478,0.003125153971632244
-22.426780000000004,254,835584,408,382.38,3284,4070,-0.6542653291486203,0.021791166,0.04527457698859507,0.0003,0.2,0.9930099844932556,0.128857421875,0.0053855665028095245,-0.003144985742983408
-22.47486,253,837632,409,380.76,3298,4080,-0.698611906170845,0.01723737,0.039584054856095466,0.0003,0.2,0.9946615099906921,0.104248046875,-0.008598818443715572,-0.00845554514307878
-23.007030000000004,253,839680,410,379.43,3312,4090,-0.6437586552463472,0.016117666,0.03283992619399214,0.0003,0.2,0.9976125955581665,0.114794921875,-0.007018960081040859,-0.00544956933154026
-23.02809,253,841728,411,378.09,3325,4100,-0.6294061307795346,0.0060282825,0.9587401321099606,0.0003,0.2,0.8966200351715088,0.045556640625,0.013195741921663284,-0.0033898262699949555
-23.823849999999997,252,843776,412,376.75,3339,4110,-0.6470891363918782,0.012857839,0.06419766054896173,0.0003,0.2,0.9874705076217651,0.07353515625,0.0016881534829735756,-0.003641519985103514
-24.62259,252,845824,413,375.19,3353,4120,-0.667410054244101,0.009042037,0.5015673457935919,0.0003,0.2,0.9232184290885925,0.036279296875,0.10865983366966248,-0.004367083783290582
-24.636209999999995,251,847872,414,374.71,3366,4130,-0.5842942058108747,0.0029111947,0.981039873114787,0.0003,0.2,0.9475137591362,0.021142578125,0.5486741065979004,-0.0031108936978853307
-24.63717,251,849920,415,375.37,3378,4140,-0.6310105746611953,0.018244414,0.04184658348967787,0.0003,0.2,0.9952095746994019,0.10810546875,-0.02068508230149746,-0.003206756676081568
-24.93883,251,851968,416,374.63,3392,4150,-0.589745111670345,0.015291579,0.02596684842283139,0.0003,0.2,0.9981396198272705,0.1052734375,-0.0006630159914493561,-0.0028265960107091816
-24.94615,250,854016,417,374.35,3407,4160,-0.6087322779931128,0.023770481,0.38316032546863427,0.0003,0.2,0.9485033750534058,0.108349609375,0.3404868543148041,-0.001239462912781164
-25.455809999999996,250,856064,418,373.71,3419,4170,-0.5770411505363882,0.016588785,0.20699603200191632,0.0003,0.2,0.9757100343704224,0.0572265625,0.01713474839925766,-0.0020031268544698833
-25.71,250,858112,419,373.5,3432,4180,-0.5853953956626355,0.010140337,0.434093846968608,0.0003,0.2,0.9707205891609192,0.04990234375,0.0733809545636177,-0.0025186196180584375
-25.167219999999997,249,860160,420,372.82,3446,4190,-0.554841140564531,0.0069321888,0.28590315914480013,0.0003,0.2,0.9838103652000427,0.05537109375,-0.007569029927253723,-0.0041079798171267615
-25.441639999999996,249,862208,421,372.24,3459,4200,-0.5592670376412571,0.009792911,0.5680824082228355,0.0003,0.2,0.9565367698669434,0.03603515625,0.12850303947925568,-0.005181004496262176
-25.67082,248,864256,422,371.12,3473,4210,-0.5549574461765587,0.012217,0.27845939265098424,0.0003,0.2,0.9852508902549744,0.0494140625,0.1834518015384674,-0.0026684668315283488
-26.710629999999995,248,866304,423,370.33,3486,4220,-0.5568786943331361,0.004478596,0.849170891288668,0.0003,0.2,0.9652429223060608,0.039404296875,0.9821606874465942,-0.0032099204865517093
-27.21644,248,868352,424,370.54,3499,4230,-0.605854696314782,0.0068480335,0.9655506362440065,0.0003,0.2,0.9820385575294495,0.035205078125,0.845188558101654,-0.0057723054160305765
-27.175420000000003,247,870400,425,370.72,3513,4240,-0.5984763283282518,0.016725464,0.5505125569063238,0.0003,0.2,0.9775128364562988,0.063818359375,0.3259589672088623,-0.00012599045076058246
-27.395490000000006,247,872448,426,371.69,3526,4250,-0.6333284293301403,0.029638685,0.25525003658258355,0.0003,0.2,0.9742992520332336,0.10732421875,0.035282526165246964,-0.0017435138521250336
-27.64558,246,874496,427,371.18,3541,4260,-0.6518020491115749,0.021573644,0.21580237377202138,0.0003,0.2,0.979137659072876,0.1125,0.11605867743492126,0.0005054140456195455
-27.66571,246,876544,428,370.61,3555,4270,-0.7025177982635796,0.017533867,0.19061727411462925,0.0003,0.2,0.985097348690033,0.10869140625,0.08402837812900543,-0.0033947042044019326
-27.909960000000005,246,878592,429,370.16,3570,4280,-0.7054883630014956,0.0048597376,1.005812586110551,0.0003,0.2,0.9534347653388977,0.04755859375,0.14824487268924713,-0.0025451840985624584
-27.40856,245,880640,430,369.66,3585,4290,-0.692070385813713,0.017948745,0.20363067267462612,0.0003,0.2,0.9825044870376587,0.081689453125,0.02415969967842102,-0.0034296210051252274
-26.929739999999995,245,882688,431,368.44,3600,4300,-0.7188561012968421,0.012497315,0.2936368969385512,0.0003,0.2,0.9746599793434143,0.07001953125,-0.001503869891166687,-0.005385169539658818
-27.476619999999997,244,884736,432,366.12,3615,4310,-0.7136684048920869,0.01728179,0.17445267257862723,0.0003,0.2,0.9775196313858032,0.07353515625,0.04178210347890854,-0.004616472475754562
-28.006059999999994,244,886784,433,364.66,3630,4320,-0.7753817602992058,0.017337978,0.17641760713304394,0.0003,0.2,0.982166051864624,0.079345703125,0.009360935539007187,-0.0018422441266011448
-28.281100000000002,243,888832,434,364.1,3642,4330,-0.7072153572924436,0.015952569,0.46384123848984016,0.0003,0.2,0.9664577841758728,0.088134765625,0.045363765209913254,0.00662715505604865
-28.35455,243,890880,435,362.75,3657,4340,-0.7162573161534965,0.0088050645,0.2767385858052876,0.0003,0.2,0.9829572439193726,0.062548828125,0.08452165126800537,-0.004436938635990373
-27.603779999999997,243,892928,436,361.68,3672,4350,-0.7383676340803504,0.01018122,0.24646684595500118,0.0003,0.2,0.9716437458992004,0.092431640625,0.0363243967294693,-0.005069363096481538
-27.639849999999992,242,894976,437,360.95,3685,4360,-0.6770900313742458,0.027235901,0.03947219156543724,0.0003,0.2,0.9954390525817871,0.13818359375,-0.007402816787362099,0.0014027401375642512
-27.435469999999995,242,897024,438,359.77,3700,4370,-0.6171434871852398,0.016277,0.043499402279849164,0.0003,0.2,0.9955891966819763,0.1193359375,-0.00034853536635637283,-0.0058865992541541345
-26.950619999999994,241,899072,439,359.32,3715,4380,-0.6595380910672247,0.012789085,0.27720348244765775,0.0003,0.2,0.9705206155776978,0.06640625,0.1015876978635788,-0.0018373152535787086
-26.725400000000004,241,901120,440,358.8,3728,4390,-0.6083628399297595,0.0124287605,0.2342502151906956,0.0003,0.2,0.9761613607406616,0.052197265625,0.0675249919295311,-0.003339966198836919
-26.220739999999996,241,903168,441,357.94,3743,4400,-0.6011279719881714,0.01731477,0.02851422533276491,0.0003,0.2,0.9979729652404785,0.114306640625,0.03540043905377388,-0.004809652550466126
-26.00624,240,905216,442,358.14,3757,4410,-0.6039123144000769,0.006394925,0.7448530576424673,0.0003,0.2,0.948522686958313,0.0455078125,1.1973910331726074,-0.0030950981090427376
-26.312060000000002,240,907264,443,358.06,3772,4420,-0.5863494503311812,0.008911647,0.4858144938596524,0.0003,0.2,0.9344589114189148,0.054931640625,0.1922120451927185,-0.0006067296322726179
-26.04618,240,909312,444,359.28,3785,4430,-0.579967544041574,0.016525112,0.5980341415212024,0.0003,0.2,0.9530770778656006,0.0544921875,0.18246504664421082,-0.0022731095246854237
-25.76165,239,911360,445,360.65,3798,4440,-0.5640588684007526,0.012039321,0.546493576222565,0.0003,0.2,0.9797097444534302,0.061279296875,0.46917951107025146,0.0014680343583677313
-25.48842,239,913408,446,362.22,3813,4450,-0.5532161545939743,0.017952364,0.15203879208420404,0.0003,0.2,0.9699361324310303,0.09716796875,0.015528983436524868,-0.000720831081707729
-25.23779,239,915456,447,363.69,3826,4460,-0.6062867976725101,0.02095341,0.02950828326283954,0.0003,0.2,0.9962332248687744,0.11181640625,-0.022401900961995125,-0.000237615303194616
-25.202419999999993,238,917504,448,365.72,3841,4470,-0.5537465784698725,0.012815958,0.9491799775045365,0.0003,0.2,0.9423235654830933,0.06142578125,0.016393592581152916,-0.002401755114260595
-24.94125,238,919552,449,366.95,3855,4480,-0.5690083068795502,0.014153918,0.02473839708400192,0.0003,0.2,0.9971787929534912,0.12958984375,0.006311511620879173,-0.0021239939640508966
-24.644489999999998,238,921600,450,369.09,3868,4490,-0.600589498411864,0.019239508,0.01828823672258295,0.0003,0.2,0.9990180730819702,0.116064453125,0.008044939488172531,-0.005362857803993393
-24.109250000000003,237,923648,451,371.25,3883,4500,-0.5632360126823187,0.021314433,0.4086235325288726,0.0003,0.2,0.9282209277153015,0.071728515625,0.0033077853731811047,-0.00524178814557672
-23.573109999999996,237,925696,452,372.51,3897,4510,-0.5651092576794327,0.02197267,0.27676595210796223,0.0003,0.2,0.9710809588432312,0.061865234375,0.007616925984621048,-0.0013453369392664172
-23.29504,237,927744,453,374.24,3912,4520,-0.5894705812446773,0.024427352,0.038050948989985046,0.0003,0.2,0.9966605305671692,0.10546875,-0.016040369868278503,-0.0047833873497438615
-23.250410000000002,236,929792,454,376.11,3925,4530,-0.5675488090142607,0.02445992,0.0200209524249658,0.0003,0.2,0.9988439083099365,0.10693359375,0.0009007533080875874,-0.006063674212782644
-23.210949999999997,236,931840,455,377.85,3939,4540,-0.5217210208065808,0.015964188,0.01838696058403002,0.0003,0.2,0.9991260170936584,0.09375,0.005242584273219109,-0.0041722083478816785
-23.436349999999994,236,933888,456,379.45,3952,4550,-0.5204415478743613,0.016469374,0.022326721860736143,0.0003,0.2,0.9984153509140015,0.091552734375,-0.002830035984516144,-0.0014091652898059691
-23.40243,235,935936,457,380.83,3965,4560,-0.5283010721206665,0.006044022,0.16024148817232345,0.0003,0.2,0.9261407852172852,0.053955078125,0.07410335540771484,-0.002883847269549733
-23.097929999999998,235,937984,458,382.23,3979,4570,-0.520602511242032,0.0104235755,0.21750642156694083,0.0003,0.2,0.9856245517730713,0.04462890625,0.03764898329973221,-0.004161485141230515
-22.82884,235,940032,459,384.04,3995,4580,-0.5346691178157925,0.016088108,0.28981692442612256,0.0003,0.2,0.9815762639045715,0.04228515625,0.08178965747356415,-0.0018684940128878224
-22.55395,235,942080,460,384.75,4008,4590,-0.554227649513632,0.018103011,0.019855546046164817,0.0003,0.2,0.9915636777877808,0.103857421875,-0.022146934643387794,0.0010861757342354394
-22.81455,234,944128,461,385.05,4022,4600,-0.5558559962548315,0.022742886,0.7595120765414322,0.0003,0.2,0.9394503235816956,0.03427734375,0.0810491293668747,-0.001541334865760291
-22.52321,234,946176,462,385.21,4037,4610,-0.5582893162965774,0.010578215,0.2122778378688963,0.0003,0.2,0.9724957942962646,0.062109375,0.007465883623808622,-0.0018691081626457163
-22.28291,234,948224,463,384.91,4051,4620,-0.5545142704620958,0.016535964,0.02116906546725659,0.0003,0.2,0.9988531470298767,0.1005859375,0.012994356453418732,-0.003941326386120636
-22.253330000000002,233,950272,464,386.23,4064,4630,-0.5614202830009163,0.015520613,0.018664441903820262,0.0003,0.2,0.9985830783843994,0.10390625,-0.03127632290124893,-0.00863052830536617
-22.49836,233,952320,465,387.16,4078,4640,-0.5398821384645999,0.015029954,0.017437085548590404,0.0003,0.2,0.9990085363388062,0.091357421875,-0.020090913400053978,-0.009068868861504598
-22.184340000000002,233,954368,466,388.14,4092,4650,-0.4968544262461364,0.006665107,1.8162777918973005,0.0003,0.2,0.9304337501525879,0.06181640625,1.8775763511657715,-0.00582622570800595
-22.18908,232,956416,467,388.18,4107,4660,-0.5336592558771371,0.014137034,0.048048277510679326,0.0003,0.2,0.9939483404159546,0.0955078125,0.04080094024538994,-0.0009983916781493463
-22.14475,232,958464,468,388.85,4121,4670,-0.5656849834136665,0.021080535,0.02616397716337815,0.0003,0.2,0.9960846304893494,0.1205078125,-0.021602056920528412,-0.004578002390917391
-21.876289999999994,232,960512,469,389.19,4136,4680,-0.5929802955128253,0.013789951,0.02670200560532976,0.0003,0.2,0.9981993436813354,0.11337890625,-0.019597534090280533,-0.006296130578994053
-21.6268,231,962560,470,388.5,4152,4690,-0.5866046621464193,0.016094588,0.020274021723889746,0.0003,0.2,0.9990416765213013,0.0998046875,-0.007385568227618933,-0.007528409062797436
-21.597580000000004,231,964608,471,388.38,4166,4700,-0.6106654046103358,0.0135662975,0.023140764953859617,0.0003,0.2,0.9988780617713928,0.0923828125,-0.010369708761572838,-0.007148888166557299
-21.552799999999998,231,966656,472,388.9,4181,4710,-0.5943657600320875,0.010570742,0.0243364235284389,0.0003,0.2,0.9983068108558655,0.089794921875,0.003660541959106922,-0.00913442546807346
-21.597949999999997,230,968704,473,388.15,4195,4720,-0.6132540801540017,0.014333665,0.01987895649363054,0.0003,0.2,0.9988263249397278,0.110546875,-0.0011232728138566017,-0.009031183591287118
-21.59705,230,970752,474,387.25,4209,4730,-0.5904852257110178,0.011950343,0.01898634462413611,0.0003,0.2,0.9988754987716675,0.108544921875,-0.025517594069242477,-0.010869091639324324
-21.342439999999996,230,972800,475,387.04,4225,4740,-0.556821676902473,0.011068136,0.02122517915267963,0.0003,0.2,0.9987962245941162,0.091455078125,-0.002660161815583706,-0.006655660067917779
-20.844099999999997,229,974848,476,386.6,4239,4750,-0.5645617336966098,0.013824439,0.01492797909741057,0.0003,0.2,0.9994037747383118,0.128466796875,-0.01127144880592823,-0.005260742381506134
-20.87897,229,976896,477,386.17,4253,4760,-0.6046388814225793,0.013862762,0.04735579873231473,0.0003,0.2,0.9966115355491638,0.094482421875,-0.029595576226711273,-0.008292844819516176
-20.879679999999997,229,978944,478,385.38,4269,4770,-0.5269033613614738,0.019133607,0.01884762422851054,0.0003,0.2,0.9989144802093506,0.117041015625,-0.009174348786473274,-0.009294741270787199
-20.61908,229,980992,479,385.98,4283,4780,-0.5346096134744585,0.012922816,0.026478261016018224,0.0003,0.2,0.9986626505851746,0.0966796875,-0.011843753047287464,-0.006346754430705914
-20.35395,228,983040,480,386.75,4297,4790,-0.5579956262372434,0.018236991,0.026345843489980324,0.0003,0.2,0.9988086223602295,0.09677734375,-0.051664650440216064,-0.006988685780379455
-20.33841,228,985088,481,387.71,4311,4800,-0.564758765231818,0.013995941,0.02560292177658994,0.0003,0.2,0.9976704120635986,0.10849609375,0.003257736098021269,-0.004971581600693753
-20.613919999999997,228,987136,482,387.92,4325,4810,-0.5513523699715733,0.010430217,0.023018320446135478,0.0003,0.2,0.9988347887992859,0.08408203125,-0.0029200613498687744,-0.008735804950993043
-20.86358,227,989184,483,387.58,4341,4820,-0.5746388806030154,0.0067691514,0.7376961682079127,0.0003,0.2,0.9289276599884033,0.045849609375,0.2150586098432541,-0.004112567872289219
-20.62926,227,991232,484,386.76,4355,4830,-0.5864816376008093,0.0070906444,1.0427174594893587,0.0003,0.2,0.9604334235191345,0.056005859375,0.23813016712665558,-0.00337865891342517
-20.919300000000003,227,993280,485,385.9,4369,4840,-0.6032477343454957,0.019734642,0.14689960201794747,0.0003,0.2,0.9751084446907043,0.076025390625,0.0046307798475027084,-0.008172875008676783
-20.93549,226,995328,486,385.89,4385,4850,-0.589407141879201,0.012480913,0.4503721941931872,0.0003,0.2,0.9514786005020142,0.06298828125,0.16799615323543549,-0.00458984379292815
-20.940489999999997,226,997376,487,385.59,4399,4860,-0.6120678230188787,0.012682561,0.0727653832960641,0.0003,0.2,0.9924005270004272,0.10380859375,0.007536508142948151,-0.007307888232753612
-20.970600000000005,226,999424,488,385.1,4416,4870,-0.6264131365343928,0.014016103,0.031125034304568543,0.0003,0.2,0.9967872500419617,0.105810546875,0.003318863920867443,-0.007560795216704719
-20.98401,226,1001472,489,385.61,4430,4880,-0.6257569208741188,0.037733693,0.035712069453438744,0.0003,0.2,0.9976101517677307,0.132177734375,0.023924056440591812,-0.013248828239738941
