time/time_elapsed,time/total_timesteps,rollout/ep_len_mean,time/fps,time/iterations,rollout/ep_rew_mean,train/n_updates,train/approx_kl,train/learning_rate,train/value_loss,train/clip_range,train/explained_variance,train/loss,train/clip_fraction,train/entropy_loss,train/policy_gradient_loss
13,2048,558.3333333333334,147,1,-28.721714000000002,,,,,,,,,,
29,4096,576.5714285714286,141,2,-6.973813571428571,10,0.0058568027,0.0003,37.47718499356415,0.2,-0.02199697494506836,27.671045303344727,0.038671875,-1.1106310337781906,-0.004847514494395
42,6144,579.1,143,3,-34.8816695,20,0.005302927,0.0003,0.7091948173358105,0.2,-0.621229887008667,0.1280132234096527,0.049609375,-1.093370658531785,-0.008538888933253474
54,8192,571.1428571428571,150,4,-29.7356455,30,0.0029209019,0.0003,87.81867658859119,0.2,-0.04882657527923584,29.504369735717773,0.007666015625,-1.088712989911437,-0.003912315341585782
66,10240,572.0588235294117,154,5,-35.608243117647056,40,0.0037497277,0.0003,32.67869730517268,0.2,0.35700446367263794,24.62603187561035,0.0162109375,-1.1038197146728634,-0.00531195704570564
79,12288,570.047619047619,155,6,-47.873339666666666,50,0.0021604383,0.0003,52.462045712326656,0.2,0.36473214626312256,10.900306701660156,0.00517578125,-1.0929428867995739,-0.003565168730347068
92,14336,568.72,155,7,-56.21360532,60,0.0028124778,0.0003,79.56511929994448,0.2,0.39426231384277344,55.493255615234375,0.009619140625,-1.0767782224342226,-0.0043285146442940455
104,16384,567.5357142857143,156,8,-60.905004749999996,70,0.0035595293,0.0003,68.02910290174187,0.2,0.5275940895080566,45.68936538696289,0.00966796875,-1.0785709900781513,-0.0037498312813113444
117,18432,565.78125,156,9,-58.872920875,80,0.00608885,0.0003,43.21673179974314,0.2,0.762048065662384,24.789897918701172,0.02900390625,-1.0816925453022121,-0.006764385799760931
130,20480,564.0833333333334,156,10,-63.44259633333334,90,0.0013775557,0.0003,35.38099891711026,0.2,0.7069646120071411,1.4560959339141846,0.00205078125,-1.0714476613327861,-0.002357028310871101
145,22528,562.175,155,11,-67.0983367,100,0.0041811657,0.0003,46.07265544869006,0.2,0.8081216216087341,45.77468490600586,0.01552734375,-1.0814149107784032,-0.0038232671417063103
157,24576,560.9767441860465,155,12,-66.89121760465116,110,0.005662071,0.0003,38.17152431141585,0.2,0.8556545972824097,18.288188934326172,0.029541015625,-1.042428894340992,-0.006836065895186039
172,26624,557.3191489361702,154,13,-69.70898631914893,120,0.004275282,0.0003,20.778926002420484,0.2,0.8563103079795837,1.2861354351043701,0.028369140625,-1.0488505443558096,-0.005101425648899749
187,28672,558.5294117647059,152,14,-72.08475209803922,130,0.004746628,0.0003,29.466875593177974,0.2,0.8655601143836975,7.295858383178711,0.027880859375,-1.028114165365696,-0.005106126764439977
201,30720,559.2592592592592,152,15,-71.55852212962962,140,0.005412278,0.0003,24.53151539629325,0.2,0.9238520860671997,0.4060094952583313,0.03740234375,-1.0546769864857197,-0.006495149247348309
217,32768,559.4655172413793,150,16,-73.52000336206898,150,0.004986186,0.0003,17.644248706987128,0.2,0.8814814686775208,0.1359604299068451,0.0208984375,-1.036427167803049,-0.005687638283416163
231,34816,560.1290322580645,150,17,-73.46082506451613,160,0.003566374,0.0003,17.12513543285895,0.2,0.9067357182502747,10.078543663024902,0.0408203125,-1.0086701637133957,-0.00884596833057003
244,36864,560.2615384615384,151,18,-71.35217872307692,170,0.0038342758,0.0003,18.957986949384214,0.2,0.8895860910415649,9.314881324768066,0.010986328125,-0.994366649352014,-0.0038030856769182718
258,38912,558.6376811594203,150,19,-71.47000114492754,180,0.005052889,0.0003,10.830099962186068,0.2,0.8081612586975098,1.4716668128967285,0.050048828125,-0.9872328536584973,-0.005827894101821584
271,40960,556.4520547945206,150,20,-68.73492483561644,190,0.004906394,0.0003,13.741362476162612,0.2,0.8361724019050598,20.500837326049805,0.0267578125,-1.0044773345813156,-0.007411233328457456
283,43008,553.5324675324675,151,21,-64.85545245454547,200,0.004107564,0.0003,11.119460790650919,0.2,0.671187162399292,0.3089919984340668,0.026904296875,-0.9452500987797976,-0.005672420297923963
296,45056,551.7901234567901,152,22,-62.49506565432098,210,0.009901015,0.0003,1.9741964852320961,0.2,0.5355844497680664,0.11207474768161774,0.089111328125,-0.97037882655859,-0.006214268816984258
309,47104,550.3176470588236,152,23,-60.414845588235295,220,0.007725835,0.0003,4.071195299411192,0.2,0.832767903804779,0.6483169198036194,0.0529296875,-0.9718374395743012,-0.008860385121806758
320,49152,547.6741573033707,153,24,-57.35119520224718,230,0.003849384,0.0003,5.640441251732409,0.2,0.7148996591567993,0.20348788797855377,0.01953125,-0.9154062597081065,-0.005631960399477975
332,51200,543.563829787234,153,25,-53.92316901063829,240,0.0130752,0.0003,0.5697062115068547,0.2,0.3935092091560364,0.08392436802387238,0.092919921875,-0.9480286726728082,-0.009049985946330708
344,53248,536.7474747474747,154,26,-50.79454754545454,250,0.0084781535,0.0003,0.3322254696453456,0.2,0.46807295083999634,0.01936516724526882,0.105322265625,-0.9445070257410407,-0.00929011585394619
356,55296,532.26,155,27,-49.09704346999999,260,0.00757673,0.0003,0.33564379254821686,0.2,0.5253450870513916,0.05724292993545532,0.085302734375,-0.9467020878568292,-0.006223990012949798
368,57344,519.92,155,28,-46.96365393,270,0.008564116,0.0003,0.18972169036278502,0.2,0.8942334055900574,0.026170119643211365,0.11513671875,-0.930226507410407,-0.009642859279119875
381,59392,511.4,155,29,-45.03098954,280,0.007522702,0.0003,0.25040467964136043,0.2,0.8519319295883179,0.06822867691516876,0.065673828125,-0.9087320853024721,-0.007467552922753385
393,61440,499.17,156,30,-39.69533794,290,0.008988605,0.0003,0.07345535179192667,0.2,0.9019998908042908,-0.011770747601985931,0.116015625,-0.9013595139607787,-0.009514604591822717
405,63488,485.49,156,31,-33.342880429999994,300,0.0072024474,0.0003,0.17203939118189737,0.2,0.8988376259803772,0.05269961059093475,0.080126953125,-0.8577441588044167,-0.00825513779418543
417,65536,473.72,156,32,-29.197910059999998,310,0.006553749,0.0003,0.17982286885671783,0.2,0.7819594144821167,-0.0055409930646419525,0.052392578125,-0.8393506675958633,-0.007354457585461205
429,67584,455.7,157,33,-21.813729029999994,320,0.0065446445,0.0003,0.22228373138350435,0.2,0.7948559522628784,0.02535213530063629,0.06474609375,-0.8201408082619309,-0.006238776688405778
442,69632,439.13,157,34,-15.387856300000001,330,0.0070968075,0.0003,0.30205950119998304,0.2,0.6290668845176697,0.01762133091688156,0.055615234375,-0.7921659534797072,-0.004280581756029278
454,71680,423.07,157,35,-9.95729673,340,0.007647711,0.0003,0.21215417089406402,0.2,0.8038153648376465,0.040711719542741776,0.046533203125,-0.7663068627938628,-0.006430657420423813
468,73728,399.78,157,36,-1.59560644,350,0.005500365,0.0003,0.2502758884395007,0.2,0.8540208339691162,0.056849390268325806,0.044189453125,-0.7164268138818443,-0.00587035499047488
481,75776,382.32,157,37,1.6462211199999999,360,0.0054256152,0.0003,0.31276601306162777,0.2,0.7046574354171753,0.005022153258323669,0.03896484375,-0.7457692623138428,-0.007179716278915294
494,77824,365.54,157,38,5.0618573399999995,370,0.00481272,0.0003,0.28672984240110966,0.2,0.8615474700927734,0.07288581132888794,0.05849609375,-0.7366584138944745,-0.007070322229992598
508,79872,349.5,157,39,6.085558499999999,380,0.004529337,0.0003,0.33518245846498756,0.2,0.8684940338134766,0.02859238162636757,0.054638671875,-0.6736543659120798,-0.008711214823415503
522,81920,330.81,156,40,7.285070470000001,390,0.004645995,0.0003,0.3088815504219383,0.2,0.9149638414382935,0.04113195091485977,0.039501953125,-0.6715976518578828,-0.004049651704190182
536,83968,314.67,156,41,7.592227789999999,400,0.0047911266,0.0003,0.404995062481612,0.2,0.8366855382919312,0.06051129847764969,0.04482421875,-0.6422705774195492,-0.006200103244918864
553,86016,298.63,155,42,7.52032296,410,0.0033408252,0.0003,0.39430373871000485,0.2,0.9048140048980713,0.2586248815059662,0.0626953125,-0.6247486024163663,-0.006059680504404241
568,88064,287.13,154,43,8.09680805,420,0.0053813383,0.0003,0.5208852767944336,0.2,0.8427854776382446,0.1616436094045639,0.04501953125,-0.6203291871584952,-0.005100029265304329
584,90112,274.6,154,44,8.60260812,430,0.0059884796,0.0003,0.31531748187262565,0.2,0.8862047791481018,0.12397267669439316,0.0609375,-0.5913921069353819,-0.007338259209791431
599,92160,262.94,153,45,8.89887616,440,0.0051734447,0.0003,0.4875380556099117,0.2,0.9170287251472473,0.2400127500295639,0.04541015625,-0.5756007863208652,-0.004379267419426469
614,94208,255.13,153,46,9.515289650000001,450,0.0073323874,0.0003,0.5581996223190799,0.2,0.8727443218231201,0.08886261284351349,0.060107421875,-0.5305314727127552,-0.004827185414615087
630,96256,245.08,152,47,9.80048223,460,0.008991451,0.0003,0.1578968058223836,0.2,0.9518209099769592,0.02331719547510147,0.1041015625,-0.46603888208046557,-0.006813863563729683
647,98304,232.88,151,48,10.694988210000002,470,0.006916322,0.0003,0.7101390265859664,0.2,0.8896397948265076,0.3814623951911926,0.102392578125,-0.3927257155999541,-0.0058108970340981616
665,100352,218.94,150,49,11.166433360000001,480,0.0083481055,0.0003,0.20879382301354782,0.2,0.9707514643669128,0.08599111437797546,0.079248046875,-0.28403079104609785,-0.004180569718300831
684,102400,205.41,149,50,11.62319856,490,0.003554294,0.0003,0.8315804690122605,0.2,0.8983477354049683,0.13524046540260315,0.042431640625,-0.21887395293451845,-0.0032501500827493146
702,104448,195.49,148,51,12.02258472,500,0.0029938356,0.0003,0.5218832655111327,0.2,0.92192542552948,0.09691205620765686,0.02412109375,-0.18360517353285105,-0.0032878522823011737
722,106496,183.51,147,52,12.5813806,510,0.005204686,0.0003,0.28591905187349764,0.2,0.958348274230957,0.06951063126325607,0.033642578125,-0.14890070625115187,-0.004301480946742231
741,108544,177.0,146,53,12.829730810000001,520,0.0019367919,0.0003,0.2073715669917874,0.2,0.973595917224884,0.07340280711650848,0.0201171875,-0.11707148407585918,-0.00289474987439462
761,110592,167.41,145,54,13.115535869999999,530,0.0041210656,0.0003,0.11182447188766673,0.2,0.9835647344589233,0.025367416441440582,0.02734375,-0.11589308166876436,-0.0022146020011859944
782,112640,162.55,143,55,13.470542649999997,540,0.0014269077,0.0003,1.1498581774998455,0.2,0.8378819823265076,0.19869419932365417,0.010986328125,-0.10444475946715101,-0.001913104705454316
803,114688,160.15,142,56,13.67194478,550,0.0020616085,0.0003,0.3730306484270841,0.2,0.9345143437385559,0.23652304708957672,0.013720703125,-0.10511961127631367,-0.0017190400045365094
825,116736,157.98,141,57,13.914904450000002,560,0.0042210342,0.0003,0.2368178487988189,0.2,0.9506868720054626,0.083767831325531,0.0228515625,-0.0850277698249556,-0.005075086902070325
846,118784,156.84,140,58,13.813768640000001,570,0.001465945,0.0003,0.2146256986539811,0.2,0.9734074473381042,0.0817188024520874,0.016357421875,-0.07765870948205703,-0.0019783230380198804
868,120832,156.01,139,59,13.88335168,580,0.0012016599,0.0003,0.8639753283001482,0.2,0.8873375654220581,0.13150601089000702,0.005322265625,-0.07171830841689371,-0.0013768293938483112
891,122880,154.82,137,60,14.002865989999998,590,0.0012499312,0.0003,0.16039777029072866,0.2,0.9683422446250916,0.15546350181102753,0.011572265625,-0.06491061070119031,-0.0007621187663971795
914,124928,153.83,136,61,14.284993709999998,600,0.002857362,0.0003,0.14167730966582895,0.2,0.9847729206085205,0.046958841383457184,0.01826171875,-0.05436230613559019,-0.001663098375138361
937,126976,152.51,135,62,14.589942840000003,610,0.0012200667,0.0003,0.14309202636359258,0.2,0.9866659641265869,0.07705512642860413,0.0140625,-0.05135382195294369,-0.0012670036787312711
962,129024,152.57,134,63,14.60251477,620,0.0027406742,0.0003,0.10326904784888029,0.2,0.9886682033538818,0.033988628536462784,0.0154296875,-0.05072214484680444,-0.0021828715656738496
986,131072,151.47,132,64,14.75389203,630,0.0007185508,0.0003,0.12081965890247374,0.2,0.9858211874961853,0.02872062847018242,0.00576171875,-0.043486633241991514,-0.0012399463201290927
1014,133120,150.89,131,65,14.847293030000003,640,0.0008744267,0.0003,0.13273368753725662,0.2,0.984735906124115,0.1031988188624382,0.00771484375,-0.03943450312654022,-0.0006023782334523275
1057,135168,150.29,127,66,15.120949939999997,650,0.0009890178,0.0003,0.10262538094539195,0.2,0.9871500730514526,0.028538648039102554,0.00986328125,-0.0320276522426866,-0.0013799490574456287
1099,137216,150.14,124,67,15.17371674,660,0.00044901168,0.0003,0.15431425615679473,0.2,0.9856042265892029,0.07332362234592438,0.005712890625,-0.027992731011181604,-0.00042554209940135477
1146,139264,149.51,121,68,15.27074193,670,0.0005701901,0.0003,0.11453356150304898,0.2,0.987538754940033,0.03367698937654495,0.00498046875,-0.032246274769568116,-0.0008791194326477125
1185,141312,149.26,119,69,15.332801510000001,680,0.0007354114,0.0003,0.11966251474805176,0.2,0.986571729183197,0.054827459156513214,0.01142578125,-0.029454573309340048,-0.001340296210400993
1213,143360,148.25,118,70,15.49415505,690,0.00025198865,0.0003,0.14933866802603007,0.2,0.985077977180481,0.050224460661411285,0.007177734375,-0.024654891036334448,-0.0010265876138873865
1240,145408,147.67,117,71,15.586577559999998,700,0.0003168006,0.0003,0.13378030769526958,0.2,0.984434962272644,0.04681031033396721,0.00966796875,-0.02445236293715425,-0.0008371149160666391
1269,147456,147.2,116,72,15.677613989999998,710,0.00025138652,0.0003,0.07844422543421388,0.2,0.9870398044586182,0.04256691783666611,0.0033203125,-0.023153357594128465,-0.00011952626882703044
1298,149504,146.87,115,73,15.71242831,720,0.00039243954,0.0003,0.10709377734456212,0.2,0.9863595366477966,0.041325245052576065,0.00537109375,-0.02294514165696455,0.00023510424980486278
1327,151552,147.12,114,74,15.699019780000004,730,0.00021380768,0.0003,0.09252782273106278,0.2,0.9900842905044556,0.02942771464586258,0.004150390625,-0.021962986961443675,0.00012889489808003417
1356,153600,147.52,113,75,15.683104989999999,740,0.0006494201,0.0003,0.1074668941902928,0.2,0.987009584903717,0.05724364519119263,0.00810546875,-0.02582949681018363,-0.0019759911359869876
1386,155648,147.59,112,76,15.668819270000002,750,0.00092527573,0.0003,0.1274333287263289,0.2,0.9873725175857544,0.06336823105812073,0.009326171875,-0.02895638976151531,-0.001405663614423247
1416,157696,147.38,111,77,15.631542260000002,760,0.0010462643,0.0003,0.10745861779432744,0.2,0.9859694838523865,0.05557117611169815,0.01005859375,-0.025342148619711225,-0.0007003266640822403
1447,159744,147.34,110,78,15.61813373,770,0.00058010354,0.0003,0.11877449180465191,0.2,0.9867714047431946,0.04744607210159302,0.005908203125,-0.023569015431530716,-0.0017796658248698805
1479,161792,147.85,109,79,15.552308069999999,780,0.00049629883,0.0003,0.09927441515028476,0.2,0.9884741902351379,0.04468691349029541,0.0060546875,-0.023373587027344912,-0.0007002742560871412
1509,163840,148.21,108,80,15.49280703,790,0.0010777987,0.0003,0.12408208363922313,0.2,0.9810049533843994,0.06326916813850403,0.008544921875,-0.025160906431665353,-0.00040232761602965184
1541,165888,147.59,107,81,15.53845055,800,0.0003232224,0.0003,0.11079698564717547,0.2,0.9866161346435547,0.04674047976732254,0.004296875,-0.025529956668378873,-0.0011850070557557046
1573,167936,147.04,106,82,15.54321246,810,0.00038826434,0.0003,0.1612936491961591,0.2,0.9834771752357483,0.10703825950622559,0.004052734375,-0.02680702523302898,-0.0002820456851623021
1607,169984,147.29,105,83,15.47331042,820,0.00048659096,0.0003,0.10129023737972602,0.2,0.9864299893379211,0.01489490270614624,0.0091796875,-0.03309418626995466,-0.0007882403268013149
1640,172032,147.66,104,84,15.41593972,830,0.0014432307,0.0003,0.13882292018970474,0.2,0.9819912910461426,0.05706220865249634,0.01005859375,-0.03389392296649021,-0.0013947355801064987
1674,174080,147.45,103,85,15.416219830000003,840,0.0016760693,0.0003,0.11206413768231868,0.2,0.9842325448989868,0.02546893060207367,0.01181640625,-0.03401775397669553,-0.0014009455328050536
1708,176128,147.01,103,86,15.434271629999998,850,0.0012504528,0.0003,0.11838385242735967,0.2,0.9836223721504211,0.07335766404867172,0.012451171875,-0.03158636622188169,-0.0013140766408469063
1743,178176,146.76,102,87,15.440537300000003,860,0.0005028348,0.0003,0.16811487609520553,0.2,0.9824367761611938,0.050812095403671265,0.006640625,-0.030293036065540947,-0.0005002760321076493
1779,180224,147.29,101,88,15.38148525,870,0.0013316978,0.0003,0.13128148764371872,0.2,0.9865321516990662,0.05496501177549362,0.0134765625,-0.030213478892710553,-0.0016663686714309734
1812,182272,147.59,100,89,15.352913810000004,880,0.0013921451,0.0003,0.10074870625976473,0.2,0.9875771403312683,0.05397511273622513,0.01240234375,-0.03351594636237678,-0.0006244651511224219
1847,184320,147.6,99,90,15.368931120000003,890,0.0007544075,0.0003,0.11192536503076553,0.2,0.9839491844177246,0.05844396352767944,0.0095703125,-0.029363344227022026,-0.0007865636100177654
1886,186368,147.76,98,91,15.35772596,900,0.0013308176,0.0003,0.12337338679935783,0.2,0.9850990772247314,0.07019048929214478,0.012158203125,-0.02609740464681636,-0.0010889753295487026
1923,188416,147.93,97,92,15.35847784,910,0.0011689698,0.0003,0.1061639310035389,0.2,0.9862771034240723,0.04170769080519676,0.013134765625,-0.022701288577854938,-0.002359789858746808
1960,190464,147.85,97,93,15.38015036,920,0.00045090483,0.0003,0.10998902730643749,0.2,0.9868723154067993,0.037806976586580276,0.004931640625,-0.0259181446919456,-0.0007809855327650439
1998,192512,147.85,96,94,15.35772596,930,0.0009144306,0.0003,0.11129105589934625,0.2,0.9874299764633179,0.05160581320524216,0.008056640625,-0.025782764100995337,-0.0010399551261798478
2035,194560,147.56,95,95,15.39333773,940,0.0011560817,0.0003,0.10243974759359845,0.2,0.9890890121459961,0.04258839786052704,0.00888671875,-0.027179442170472613,-0.001346700180147309
2073,196608,147.59,94,96,15.387596110000002,950,0.001347665,0.0003,0.13689181313384324,0.2,0.9846658110618591,0.055625755339860916,0.012939453125,-0.03140316046947191,-0.00063422730891034
2109,198656,147.13,94,97,15.450252769999999,960,0.00090707064,0.0003,0.12555568967945874,0.2,0.9842478036880493,0.04329276084899902,0.008447265625,-0.03185793231600655,-0.000535677102743648
2148,200704,147.29,93,98,15.427445740000001,970,0.0015993065,0.0003,0.11664850403321907,0.2,0.9882915019989014,0.06274084001779556,0.01328125,-0.031817702624402956,-0.001733076313394122
2188,202752,147.54,92,99,15.39413518,980,0.0007393756,0.0003,0.11599995461292564,0.2,0.9862274527549744,0.05423576384782791,0.0099609375,-0.03157918015026553,-0.0006733540623827139
2229,204800,147.85,91,100,15.334331250000002,990,0.00025844696,0.0003,0.1397111230995506,0.2,0.9824124574661255,0.03387567773461342,0.006591796875,-0.03066861944844277,-0.0007131699501769617
2269,206848,147.74,91,101,15.345484130000003,1000,0.0011876246,0.0003,0.10834178739460185,0.2,0.987392246723175,0.04174149036407471,0.0154296875,-0.029701294750339002,-0.0027750783607189077
2310,208896,147.9,90,102,15.35553199,1010,0.0006214794,0.0003,0.14171780342003332,0.2,0.9825419187545776,0.08313494920730591,0.00751953125,-0.027609865518934386,-0.0003028807223017793
2350,210944,148.1,89,103,15.350997920000003,1020,0.001169139,0.0003,0.1282363310456276,0.2,0.9870665073394775,0.07202405482530594,0.010302734375,-0.02575936564094263,-0.00046930088647059167
2389,212992,147.77,89,104,15.40348141,1030,0.0006171492,0.0003,0.11694270987063646,0.2,0.9852790832519531,0.038698893040418625,0.009912109375,-0.028735637812701498,-0.0006633327015151735
2431,215040,147.8,88,105,15.38859861,1040,0.0021709548,0.0003,0.08657464251155034,0.2,0.9907591938972473,0.038824547082185745,0.0083984375,-0.02659578372396254,-0.00020136007660767063
2473,217088,147.74,87,106,15.419550999999998,1050,0.0009943511,0.0003,0.1305516903521493,0.2,0.9848321080207825,0.029746174812316895,0.0125,-0.03289469392568663,-0.0009590246540028602
2517,219136,148.11,87,107,15.388826440000003,1060,0.0007952029,0.0003,0.0977616602787748,0.2,0.9902424216270447,0.03280305862426758,0.012451171875,-0.031162936903001537,-0.001584639135398902
2584,221184,148.04,85,108,15.403356099999998,1070,0.0013777022,0.0003,0.11931388364755549,0.2,0.9868409037590027,0.053398117423057556,0.01875,-0.0345891368649518,-0.002955231890518917
2646,223232,148.57,84,109,15.309747050000006,1080,0.0011957512,0.0003,0.10541225005872548,0.2,0.9844536185264587,0.041119009256362915,0.007763671875,-0.027032508407660315,-0.0006900114341988229
2691,225280,148.69,83,110,15.277080140000002,1090,0.0025130562,0.0003,0.0895552723959554,0.2,0.9878115057945251,0.039777375757694244,0.01611328125,-0.03524862401245628,-0.0005094805608678143
2736,227328,148.58,83,111,15.29799112,1100,0.002866981,0.0003,0.11559778453083709,0.2,0.985162615776062,0.04773906618356705,0.018896484375,-0.03358872420621992,-0.0030671463537146337
2781,229376,148.78,82,112,15.27791151,1110,0.00080570404,0.0003,0.1386344200116582,0.2,0.9826887249946594,0.05019630491733551,0.009765625,-0.02754296810578012,-0.001767429652318242
2824,231424,149.04,81,113,15.26264608,1120,0.0011596915,0.0003,0.07696219506324269,0.2,0.9906826615333557,0.03617677092552185,0.013671875,-0.026479679892565854,-0.000876496426644735
2869,233472,148.41,81,114,15.355605770000002,1130,0.0011701896,0.0003,0.1191085014550481,0.2,0.9875409007072449,0.05513986200094223,0.009033203125,-0.028408948994876938,-0.001604178946945467
2918,235520,147.95,80,115,15.420679549999996,1140,0.00087045046,0.0003,0.13503170059993863,0.2,0.9874534606933594,0.06189693883061409,0.010205078125,-0.026000445450847565,-0.0011619768309174105
2962,237568,148.09,80,116,15.419699840000003,1150,0.00034508624,0.0003,0.11940780201693997,0.2,0.9864336848258972,0.04762338101863861,0.006396484375,-0.024177018866106438,-0.0003230233276553918
3009,239616,147.91,79,117,15.47164221,1160,0.0016289,0.0003,0.08595132342888974,0.2,0.986181378364563,0.03667624294757843,0.022412109375,-0.030477812528420144,-0.003866957036370877
3057,241664,148.29,79,118,15.429074819999999,1170,0.00036395216,0.0003,0.08597225823323243,0.2,0.9905068278312683,0.020961085334420204,0.005615234375,-0.02806740171192814,-0.0006960327315027826
3105,243712,148.16,78,119,15.45275904,1180,0.00057644956,0.0003,0.09569917409680784,0.2,0.9869816303253174,0.05316909775137901,0.006396484375,-0.031011640395433915,-0.0011963699696934782
3150,245760,147.88,78,120,15.484463309999999,1190,0.00090025424,0.0003,0.09111970823141746,0.2,0.9854879975318909,0.06342031061649323,0.01240234375,-0.022765651715303648,-0.000729880906874314
3199,247808,148.13,77,121,15.42667108,1200,0.0010005264,0.0003,0.08708167792065069,0.2,0.9912488460540771,0.02129966951906681,0.013134765625,-0.026775828946085767,-0.003260746127489256
3248,249856,147.91,76,122,15.482811450000002,1210,0.0011286046,0.0003,0.06830933258752339,0.2,0.9924509525299072,0.019965237006545067,0.007958984375,-0.026880064392753412,-0.0016525914128578735
3296,251904,148.47,76,123,15.465967190000006,1220,0.00060000154,0.0003,0.08872501909499989,0.2,0.9905454516410828,0.037988271564245224,0.00654296875,-0.02116226082312096,-0.0010165707641135668
3346,253952,148.28,75,124,15.51671908,1230,0.0011071522,0.0003,0.09401130126789212,0.2,0.9857462048530579,0.03340248391032219,0.00986328125,-0.024019004813749235,-0.0011130475595564349
3395,256000,147.73,75,125,15.60880158,1240,0.00041890208,0.0003,0.12242298262426629,0.2,0.9870395064353943,0.046789027750492096,0.00478515625,-0.021050059182346103,-0.000978814063273603
3444,258048,148.12,74,126,15.545393039999999,1250,0.00030873384,0.0003,0.0892190141719766,0.2,0.9908984899520874,0.03804147243499756,0.00498046875,-0.024422371521336573,-0.0008354860266990727
3495,260096,148.46,74,127,15.491405789999998,1260,0.00056152965,0.0003,0.098160378576722,0.2,0.9879493117332458,0.05237782746553421,0.006640625,-0.026013917948580455,-0.0010369906980486122
3546,262144,147.9,73,128,15.563866370000001,1270,0.0009796915,0.0003,0.0900683845684398,0.2,0.9892039895057678,0.032713040709495544,0.009228515625,-0.02256003254319694,-0.0008337393639521907
3598,264192,148.33,73,129,15.486172110000002,1280,0.0005428933,0.0003,0.10731503120623528,0.2,0.989099383354187,0.09505964070558548,0.00927734375,-0.018533098400359903,-0.0012707770292763598
3649,266240,148.65,72,130,15.434513540000001,1290,0.0007403763,0.0003,0.07620403493056074,0.2,0.9909994006156921,0.038293831050395966,0.011376953125,-0.023028867729851753,-0.0008081911673798459
3698,268288,148.7,72,131,15.388051780000003,1300,0.0008200805,0.0003,0.0868507222738117,0.2,0.9886802434921265,0.028416655957698822,0.007958984375,-0.02064264835423728,-0.0010324354021577164
3752,270336,148.74,72,132,15.34229608,1310,0.0017547944,0.0003,0.11677186892484315,0.2,0.9861689209938049,0.10491488873958588,0.013525390625,-0.025206662942298407,-0.0027849379872350254
3805,272384,148.41,71,133,15.351068010000004,1320,0.0026421181,0.0003,0.09272263102466241,0.2,0.9860067367553711,0.04910077154636383,0.01083984375,-0.023092162740022106,-0.001840298971364973
3859,274432,148.11,71,134,15.352469250000002,1330,0.0016199923,0.0003,0.09826315010432154,0.2,0.9890710115432739,0.06363740563392639,0.008935546875,-0.023600484562621205,-0.0012611137142812367
3910,276480,148.64,70,135,15.29105903,1340,0.00040229957,0.0003,0.10312613578280434,0.2,0.9855709671974182,0.026964159682393074,0.005322265625,-0.02404892947659789,-0.000759087061669561
3964,278528,149.39,70,136,15.189914840000002,1350,0.0014989943,0.0003,0.09247469406109303,0.2,0.9852838516235352,0.03982827067375183,0.012939453125,-0.029739046358213273,-0.002418731552461395
4016,280576,149.95,69,137,15.129308779999999,1360,0.002935792,0.0003,0.06457440574886278,0.2,0.9874517321586609,0.008801192045211792,0.01435546875,-0.032130598961629175,-0.0007879449316533282
4071,282624,149.72,69,138,15.16699861,1370,0.0005065167,0.0003,0.08866056933184155,0.2,0.9855830073356628,0.02164565399289131,0.0064453125,-0.030424958324132945,-0.0007326996586925816
4127,284672,149.67,68,139,15.185686640000002,1380,0.00045401006,0.0003,0.08710476612905041,0.2,0.9887780547142029,0.01614793762564659,0.0048828125,-0.03054478516828567,-0.0003092470084084198
4183,286720,149.76,68,140,15.200849550000001,1390,0.0008974535,0.0003,0.10711673327023163,0.2,0.9875472784042358,0.06521677225828171,0.01025390625,-0.03308097020109244,-0.0019276036124210804
4236,288768,149.64,68,141,15.251232190000003,1400,0.0013889588,0.0003,0.08481170055456459,0.2,0.9891166687011719,0.0366654098033905,0.016650390625,-0.02827758028173264,-0.0023223812524520325
4292,290816,150.21,67,142,15.174524100000001,1410,0.0006629053,0.0003,0.08603450476075522,0.2,0.9869228005409241,0.06305501610040665,0.010400390625,-0.030764898998313583,-0.0008619737251137849
4350,292864,149.73,67,143,15.25933843,1420,0.0009569047,0.0003,0.1143406567745842,0.2,0.9841565489768982,0.05358665809035301,0.007861328125,-0.03380209937884615,-0.001753260153782321
4405,294912,149.47,66,144,15.278620340000002,1430,0.0006774508,0.0003,0.09345952053554356,0.2,0.9889301061630249,0.0264604389667511,0.009130859375,-0.029574516080913327,-0.001314742369868327
4463,296960,149.09,66,145,15.296995820000001,1440,0.00090776884,0.0003,0.10110030143987388,0.2,0.9870670437812805,0.03278525918722153,0.006787109375,-0.030662904219605026,-0.0010351984907174482
4522,299008,148.75,66,146,15.334698779999998,1450,0.0007510787,0.0003,0.0747468103247229,0.2,0.9907752275466919,0.014378966763615608,0.00654296875,-0.025661108226449868,-0.000618862223927863
4581,301056,148.5,65,147,15.383821599999997,1460,0.00056055083,0.0003,0.10344352318206802,0.2,0.9877973794937134,0.0453084297478199,0.00849609375,-0.027936652696860166,-0.0009190691438561771
4640,303104,148.36,65,148,15.403495799999998,1470,0.00045842578,0.0003,0.09811810206156224,0.2,0.9888396859169006,0.017222903668880463,0.00771484375,-0.028866240196521176,-0.0012711753937765025
4701,305152,148.12,64,149,15.421659780000002,1480,0.00024682324,0.0003,0.1015272674500011,0.2,0.9851210713386536,0.02488277666270733,0.0041015625,-0.028768884475050528,-0.0005537010591069702
4762,307200,148.11,64,150,15.412026990000001,1490,0.00047262246,0.0003,0.08709641243331134,0.2,0.9866390228271484,0.04098983854055405,0.006103515625,-0.030944757221573128,-0.0008484409925586078
4819,309248,147.8,64,151,15.44326914,1500,0.001216871,0.0003,0.0854257432569284,0.2,0.9897091388702393,0.07455862313508987,0.01376953125,-0.03271591994003984,-0.0019948187335103286
4879,311296,148.36,63,152,15.41482301,1510,0.00087379734,0.0003,0.08151727872900665,0.2,0.9855780601501465,0.03309338167309761,0.005615234375,-0.029803928975843517,-0.0007276814849319635
4941,313344,148.5,63,153,15.378874430000002,1520,0.0031003356,0.0003,0.11181263709440828,0.2,0.9873508810997009,0.040272537618875504,0.01748046875,-0.035593609052943974,-0.0021978161112201633
5000,315392,149.01,63,154,15.313711510000001,1530,0.001125825,0.0003,0.14075188644928857,0.2,0.9833710193634033,0.08076855540275574,0.00869140625,-0.03436905372011552,-0.0005565497129282448
5061,317440,148.77,62,155,15.333356210000002,1540,0.00071695505,0.0003,0.07280349456705153,0.2,0.9913880228996277,0.018712269142270088,0.0107421875,-0.029964378269721693,-0.001194727078836877
5123,319488,148.96,62,156,15.34049907,1550,0.00047981637,0.0003,0.06760891317389905,0.2,0.9918302893638611,0.04082854092121124,0.00634765625,-0.027090027824260687,-0.0003876773225783836
5186,321536,149.03,61,157,15.347414099999998,1560,0.0004134246,0.0003,0.11243173169204965,0.2,0.9879043698310852,0.03236392140388489,0.009716796875,-0.029109633068605943,-0.001844142106710933
5245,323584,149.58,61,158,15.28768523,1570,0.000765713,0.0003,0.10517958011478186,0.2,0.9865267872810364,0.03376525640487671,0.005419921875,-0.029895392676235134,-0.00039390863021253607
5309,325632,148.68,61,159,15.387035899999999,1580,0.0012694744,0.0003,0.09878412821562961,0.2,0.9886490702629089,0.029844406992197037,0.01806640625,-0.029763428595680354,-0.001603318759589456
5373,327680,148.4,60,160,15.41009355,1590,0.0012127846,0.0003,0.09757851915783249,0.2,0.9866724610328674,0.038478441536426544,0.007080078125,-0.025345850763994805,-0.0009229163566487842
5437,329728,147.87,60,161,15.488539689999998,1600,0.0006217787,0.0003,0.08189704481628723,0.2,0.9907867908477783,0.03074619732797146,0.006103515625,-0.02608347301870424,-0.0009599798955605366
5502,331776,148.52,60,162,15.42676022,1610,0.0007064411,0.0003,0.07346902046119794,0.2,0.9918397665023804,0.03452024608850479,0.011083984375,-0.023472611362862494,-0.001582785700156819
5567,333824,147.84,59,163,15.521998339999998,1620,0.00035903213,0.0003,0.11062574812676758,0.2,0.9854731559753418,0.03451206535100937,0.007568359375,-0.028446947583405803,-0.0010376820478995795
5633,335872,147.56,59,164,15.538015650000002,1630,0.00095889217,0.0003,0.07332708088215441,0.2,0.9882341027259827,0.022187180817127228,0.008349609375,-0.024524516338615854,-0.0019954019961005544
5694,337920,147.84,59,165,15.519742690000003,1640,0.00051385775,0.0003,0.09955077070044353,0.2,0.9885345697402954,0.0790310949087143,0.011328125,-0.033226687349869624,-0.0014916889125743183
5760,339968,148.04,59,166,15.494406610000004,1650,0.0022700373,0.0003,0.12033147680340335,0.2,0.9804840087890625,0.06843526661396027,0.008984375,-0.03593885204409162,-0.0010631498262227979
5827,342016,148.18,58,167,15.47072239,1660,0.00062932156,0.0003,0.08803122356766835,0.2,0.9901209473609924,0.03344443067908287,0.009228515625,-0.035239898740337595,-0.0019054044591030107
5894,344064,148.73,58,168,15.39367749,1670,0.00088247063,0.0003,0.11716103022336029,0.2,0.9868033528327942,0.03939281776547432,0.011083984375,-0.03616362559939716,-0.0015655658397008664
5958,346112,148.33,58,169,15.374112270000001,1680,0.001136648,0.0003,0.10658834961941466,0.2,0.9870465993881226,0.08499331772327423,0.01083984375,-0.03863522961812578,-0.0015040842299640644
6027,348160,149.3,57,170,15.225638780000002,1690,0.00086129387,0.0003,0.097121471632272,0.2,0.986734926700592,0.04473662003874779,0.00693359375,-0.03982877093553725,-0.0005422065951279365
6095,350208,148.85,57,171,15.248571120000001,1700,0.0016446344,0.0003,0.11601526100421325,0.2,0.9845191240310669,0.06244266405701637,0.01650390625,-0.04134374849198821,-0.001590224984101951
6166,352256,148.56,57,172,15.264690960000001,1710,0.0011983973,0.0003,0.11077776153106242,0.2,0.9870103001594543,0.06542819738388062,0.011328125,-0.032248321246487424,-0.0012120140501792776
6236,354304,148.67,56,173,15.2504803,1720,0.0009912532,0.0003,0.09703490431420506,0.2,0.9877090454101562,0.03566320240497589,0.00927734375,-0.034392526547890157,-0.00131349297662382
6305,356352,148.53,56,174,15.27560193,1730,0.0005105129,0.0003,0.14595638505415992,0.2,0.97996586561203,0.04928070679306984,0.008349609375,-0.030721941351805525,-0.0013289421927765942
6371,358400,148.3,56,175,15.299513980000002,1740,0.0009425657,0.0003,0.14097832071129232,0.2,0.9826571941375732,0.04691407456994057,0.00908203125,-0.031289400022717476,-0.0023924496475956404
6441,360448,147.92,55,176,15.369079210000002,1750,0.0010655965,0.0003,0.12291004663566127,0.2,0.985018789768219,0.07790573686361313,0.006005859375,-0.03352166811296229,-0.0006001174180710223
6512,362496,147.59,55,177,15.421842810000003,1760,0.0006515576,0.0003,0.09274756894446909,0.2,0.9893749952316284,0.05487016588449478,0.00595703125,-0.033196044908027036,-0.0007902389344963013
6583,364544,148.18,55,178,15.38938666,1770,0.00080096174,0.0003,0.10608754160348326,0.2,0.9864472150802612,0.04118228331208229,0.0099609375,-0.035093725730666846,-0.0011347680985636544
6649,366592,148.52,55,179,15.331772010000002,1780,0.0017305458,0.0003,0.10176910393638536,0.2,0.9856351613998413,0.033670876175165176,0.017529296875,-0.03066052465872531,-0.002580811626830837
6719,368640,148.02,54,180,15.35064205,1790,0.0011180715,0.0003,0.1589730746927671,0.2,0.9796738028526306,0.049887798726558685,0.00810546875,-0.03551780043795816,-0.002341230544880091
6789,370688,148.71,54,181,15.24863032,1800,0.0016722949,0.0003,0.11640207235468551,0.2,0.9833167195320129,0.027633044868707657,0.012158203125,-0.034550855516476985,-0.0016276063382974827
6863,372736,149.17,54,182,15.165091920000002,1810,0.0011126813,0.0003,0.1240152274724096,0.2,0.9828359484672546,0.04033512994647026,0.012158203125,-0.03945783850974749,-0.001596719956432935
6942,374784,149.11,53,183,15.178005639999999,1820,0.0010884287,0.0003,0.09403824441833422,0.2,0.9864065051078796,0.0357930064201355,0.013525390625,-0.03994981385212668,-0.0016700591833796353
7015,376832,149.9,53,184,15.087153250000002,1830,0.0009242409,0.0003,0.0962973776855506,0.2,0.9836114645004272,0.0856124684214592,0.012890625,-0.03576860149319146,-0.0019546754068869633
7088,378880,149.59,53,185,15.118105640000001,1840,0.0013094302,0.0003,0.11750563423847779,0.2,0.9832844734191895,0.06379172950983047,0.016162109375,-0.036628500638289554,-0.0024943258424173107
7158,380928,149.14,53,186,15.21008562,1850,0.0008393077,0.0003,0.10531560324598103,0.2,0.9838496446609497,0.03240099176764488,0.013818359375,-0.03211285287345618,0.00032863282031030393
7231,382976,149.14,52,187,15.24339618,1860,0.0014435082,0.0003,0.12542973280651495,0.2,0.9860284328460693,0.023638524115085602,0.009912109375,-0.02658076473207984,-0.0019140387295919937
7305,385024,149.39,52,188,15.25375136,1870,0.0009785265,0.0003,0.076474230713211,0.2,0.989931583404541,0.03298540413379669,0.01142578125,-0.02623781633037652,-0.0008351556414709193
7374,387072,149.38,52,189,15.277765940000002,1880,0.00083046244,0.0003,0.11838930140947923,0.2,0.9844780564308167,0.02350509911775589,0.007861328125,-0.029608202670965512,-0.001808097151297261
7449,389120,149.65,52,190,15.252504920000002,1890,0.0019431756,0.0003,0.08870007250225172,0.2,0.9892531633377075,0.049699269235134125,0.019482421875,-0.027558306073933635,-0.002961845076060854
7523,391168,149.16,51,191,15.341191059999998,1900,0.00077053363,0.0003,0.09436743167461828,0.2,0.9887909293174744,0.03593354672193527,0.0123046875,-0.026297751832862558,-0.0015852425931370817
7599,393216,148.65,51,192,15.387055740000001,1910,0.0007684884,0.0003,0.08163538803346455,0.2,0.9875167608261108,0.01058952510356903,0.007861328125,-0.024857144179850365,-0.0004186930018477142
7674,395264,148.75,51,193,15.35168791,1920,0.0012358052,0.0003,0.06875088135711849,0.2,0.9907554984092712,0.022778009995818138,0.015185546875,-0.02274183747895222,-0.0027501062882947735
7750,397312,148.6,51,194,15.377525250000001,1930,0.0005900229,0.0003,0.0599222669901792,0.2,0.9929273724555969,0.027922138571739197,0.006689453125,-0.022270054680643626,-0.00031751945280120706
7826,399360,148.41,51,195,15.40410802,1940,0.002087287,0.0003,0.07494249736773781,0.2,0.9914183616638184,0.03945320099592209,0.0140625,-0.022700403051567265,-0.0009890806017210708
7903,401408,147.95,50,196,15.466115320000002,1950,0.0006796214,0.0003,0.07149842359358445,0.2,0.9920772910118103,0.020674798637628555,0.004931640625,-0.021989342902259068,-0.0010169549197598827
7975,403456,148.03,50,197,15.487646420000003,1960,0.0004183238,0.0003,0.0950163701782003,0.2,0.9902799129486084,0.0519469678401947,0.007177734375,-0.02531729887531924,-0.0007333177509281086
8053,405504,147.64,50,198,15.5449146,1970,0.00077265064,0.0003,0.12535005114623346,0.2,0.9844760894775391,0.031046424061059952,0.007958984375,-0.027395173644168835,-0.0018345099764701446
8130,407552,147.87,50,199,15.506192779999997,1980,0.00070537976,0.0003,0.08055713241919875,0.2,0.9905779361724854,0.019858796149492264,0.0078125,-0.02191680189712315,-0.0013241530112281907
8204,409600,148.61,49,200,15.430252900000003,1990,0.0010649237,0.0003,0.13435412377584727,0.2,0.9844722151756287,0.04894350469112396,0.008935546875,-0.02397950383758598,-0.00039497056568507107
8283,411648,148.33,49,201,15.47386861,2000,0.0010427393,0.0003,0.07971809632144869,0.2,0.9850369691848755,0.03928682953119278,0.011181640625,-0.026702992092486964,-0.001424729690188542
8361,413696,148.71,49,202,15.469357320000002,2010,0.0008322796,0.0003,0.13943733692867682,0.2,0.9819961190223694,0.04673561453819275,0.00751953125,-0.020125107630781257,-0.000672016100725159
8440,415744,148.51,49,203,15.48865556,2020,0.0019342354,0.0003,0.09080573304672726,0.2,0.98661869764328,0.02543669566512108,0.01162109375,-0.02371690906402364,-0.002006650043404079
8515,417792,148.83,49,204,15.444641110000003,2030,0.00078331557,0.0003,0.08764749036636203,0.2,0.9864715337753296,0.03472688049077988,0.00361328125,-0.023263802244719044,-0.0006864664916065522
8600,419840,148.14,48,205,15.488530249999998,2040,0.00073048513,0.0003,0.08782975049689412,0.2,0.9859039783477783,0.05308667570352554,0.008984375,-0.030391316682437265,-0.0014563725388143211
8680,421888,148.02,48,206,15.52035983,2050,0.00036555863,0.0003,0.12140405707759783,0.2,0.9842052459716797,0.049945440143346786,0.0123046875,-0.02396678931469296,-0.0015286286943592131
8757,423936,147.96,48,207,15.552469519999999,2060,0.00068632874,0.0003,0.10421101681422443,0.2,0.9881029725074768,0.015218835324048996,0.00498046875,-0.02654284654698813,-0.0005274362694763113
8844,425984,147.28,48,208,15.590911229999996,2070,0.0006598963,0.0003,0.11010506238089875,0.2,0.9865868091583252,0.07146978378295898,0.009228515625,-0.02379135692362979,-0.0008990217051177751
8921,428032,147.25,47,209,15.579758349999999,2080,0.0007380654,0.0003,0.13512739583384245,0.2,0.9848613142967224,0.07416307926177979,0.005810546875,-0.021999653088187188,-0.001425643456968828
9003,430080,147.37,47,210,15.52173829,2090,0.00080359104,0.0003,0.0942640436347574,0.2,0.9893777966499329,0.021957937628030777,0.003076171875,-0.020501504841547558,-0.0005992633290588856
9085,432128,146.74,47,211,15.58147288,2100,0.00074783014,0.0003,0.09757903491845354,0.2,0.9902408123016357,0.043428901582956314,0.0060546875,-0.021914215386942715,-0.000668224456239841
9169,434176,147.29,47,212,15.494851890000005,2110,0.00061693287,0.0003,0.09892686340026557,0.2,0.9835459589958191,0.03634002059698105,0.004931640625,-0.02314180513852193,-0.0011329928114719224
9253,436224,147.3,47,213,15.500992250000001,2120,0.0016737195,0.0003,0.1130781763815321,0.2,0.9847129583358765,0.04458067566156387,0.01376953125,-0.025108653379612635,-0.0026995642321708145
9337,438272,147.12,46,214,15.495353149999998,2130,0.00068583747,0.0003,0.09620515832211822,0.2,0.9905118942260742,0.03839251771569252,0.008935546875,-0.02236034815343828,-0.0008445415071037133
9420,440320,147.48,46,215,15.479672649999998,2140,0.0006164448,0.0003,0.1035194840398617,0.2,0.9861215353012085,0.049597419798374176,0.008349609375,-0.020815122127055476,-0.0009137520268268417
9500,442368,147.88,46,216,15.434309230000002,2150,0.0016877789,0.0003,0.1354262559209019,0.2,0.9840810298919678,0.0679941475391388,0.009765625,-0.02391783431580734,-0.00018857815593946724
9585,444416,147.95,46,217,15.417642559999999,2160,0.00065181067,0.0003,0.0861364796757698,0.2,0.987386167049408,0.040291354060173035,0.00791015625,-0.01917682313640512,-0.0013317655335413291
9670,446464,147.75,46,218,15.435882330000002,2170,0.0004306985,0.0003,0.11279556370573118,0.2,0.9859670400619507,0.03252793848514557,0.00859375,-0.0237601637674004,-0.0014343649101647316
9756,448512,148.08,45,219,15.409691850000002,2180,0.0010915556,0.0003,0.14477015890879558,0.2,0.9821383357048035,0.08837209641933441,0.01201171875,-0.022910061698894424,-0.002550736957346089
9843,450560,147.97,45,220,15.40156928,2190,0.001146919,0.0003,0.08703642716864124,0.2,0.988287627696991,0.0033650146797299385,0.012451171875,-0.02737835825149091,-0.0026467910916835534
9929,452608,147.98,45,221,15.378933159999999,2200,0.0009850117,0.0003,0.10549994936445728,0.2,0.9888443946838379,0.05616380274295807,0.009375,-0.027666927008749554,-0.0012282003706786781
10015,454656,147.87,45,222,15.336438800000005,2210,0.0012491015,0.0003,0.10209748910274356,0.2,0.9856487512588501,0.035384587943553925,0.008935546875,-0.030482761641746948,-0.0021354633412556724
10097,456704,147.52,45,223,15.353002949999997,2220,0.0012577581,0.0003,0.12645475786412136,0.2,0.9856685400009155,0.06526805460453033,0.014404296875,-0.03358313688333965,-0.0015192732971627265
10186,458752,148.16,45,224,15.270678550000003,2230,0.00075747666,0.0003,0.11235405085608363,0.2,0.984847903251648,0.04520045220851898,0.00654296875,-0.03487182759611187,-0.0006083721717004664
10273,460800,148.4,44,225,15.223554050000002,2240,0.0013217335,0.0003,0.12302817548625171,0.2,0.9858461022377014,0.05679234862327576,0.012841796875,-0.03608798132531774,-0.001447200075199362
10362,462848,147.99,44,226,15.22094527,2250,0.000989266,0.0003,0.09291347110411152,0.2,0.9873208403587341,0.03696039319038391,0.00986328125,-0.03529011948016887,-0.0019510298065142707
10450,464896,148.56,44,227,15.17681864,2260,0.00081693934,0.0003,0.08389558457420207,0.2,0.9898892641067505,0.03811609372496605,0.008740234375,-0.03331983023349494,-0.0007251167058711872
10534,466944,148.5,44,228,15.16904921,2270,0.0011983798,0.0003,0.09769132556393742,0.2,0.9891576170921326,0.025527700781822205,0.015771484375,-0.033366619020375764,-0.0006374866024998482
10624,468992,148.64,44,229,15.160785220000003,2280,0.0007815164,0.0003,0.0745664723799564,0.2,0.9895864725112915,0.02726057730615139,0.011328125,-0.03272898201016687,-0.0013789690521662124
10714,471040,148.87,43,230,15.18216355,2290,0.0009878711,0.0003,0.15549374973634258,0.2,0.9826517105102539,0.07694302499294281,0.007177734375,-0.03255443846674098,-0.0007123104220227106
10799,473088,149.13,43,231,15.190906240000004,2300,0.0012918883,0.0003,0.10913118105381728,0.2,0.9866093993186951,0.045943453907966614,0.015625,-0.031206681841558746,-0.0015760657071950846
10890,475136,148.72,43,232,15.273339620000002,2310,0.00253658,0.0003,0.07286827691132203,0.2,0.9894195795059204,0.015264727175235748,0.018212890625,-0.031344760525473706,-0.0023413740818796214
10981,477184,149.35,43,233,15.244141610000002,2320,0.0014201112,0.0003,0.07185688245808705,0.2,0.9899137616157532,0.018380440771579742,0.009326171875,-0.028054049333513832,-0.001331878960627364
11067,479232,149.42,43,234,15.255686780000001,2330,0.0030902964,0.0003,0.0920166022493504,0.2,0.9886981844902039,0.03219616785645485,0.020458984375,-0.029481387704959162,-0.0026290600260836074
11159,481280,149.46,43,235,15.287265739999999,2340,0.0010123951,0.0003,0.07021032562479376,0.2,0.9907433986663818,0.01579996570944786,0.006787109375,-0.02502942799330867,-0.0009985652839532122
11251,483328,149.61,42,236,15.33107982,2350,0.0014863131,0.0003,0.07276527227368206,0.2,0.9921733736991882,0.03777061030268669,0.010302734375,-0.019996279476401924,-0.0020380439073051093
11338,485376,150.0,42,237,15.328049510000001,2360,0.001332324,0.0003,0.09705599977169185,0.2,0.9898037314414978,0.027442436665296555,0.009375,-0.017578701363515848,-0.0018092764541506768
11431,487424,150.0,42,238,15.308949609999999,2370,0.000507873,0.0003,0.07941764099523425,0.2,0.990152895450592,0.01702168397605419,0.005517578125,-0.017372300201043345,-0.0011117314046714456
11525,489472,149.73,42,239,15.35644336,2380,0.003222124,0.0003,0.07929439675062895,0.2,0.9893450736999512,0.022353753447532654,0.011083984375,-0.021228881933575396,-0.0024275537973153403
11619,491520,149.4,42,240,15.381113750000003,2390,0.0035758812,0.0003,0.08426636670483276,0.2,0.9909798502922058,0.04167824238538742,0.013916015625,-0.025915248685441837,-0.00041695848703966477
11707,493568,149.43,42,241,15.405151110000002,2400,0.00058799394,0.0003,0.08649350224295631,0.2,0.9902442097663879,0.03278947249054909,0.008984375,-0.026194062097147253,-0.0004927870686515234
11807,495616,148.74,41,242,15.465552119999998,2410,0.0018007675,0.0003,0.09508531902101822,0.2,0.9877001643180847,0.029641730710864067,0.014697265625,-0.026100771781148068,-0.0006964029700611718
11896,497664,148.49,41,243,15.443866219999997,2420,0.0025023671,0.0003,0.09936597514897585,0.2,0.9893264770507812,0.04403656721115112,0.013330078125,-0.022107329549703535,-0.0028329354034212885
11991,499712,147.8,41,244,15.4897309,2430,0.00065988814,0.0003,0.11426436706678941,0.2,0.9876020550727844,0.04936963692307472,0.009130859375,-0.026372352323994618,-0.0012271473297005286
12087,501760,147.56,41,245,15.515169500000004,2440,0.0011873833,0.0003,0.07745397397084161,0.2,0.9901984333992004,0.03077862039208412,0.011279296875,-0.02295732129718999,-0.0010715648539189715
12183,503808,147.75,41,246,15.50090657,2450,0.0011200539,0.0003,0.08902942747808992,0.2,0.987200915813446,0.036529622972011566,0.012939453125,-0.023356486122793285,-0.0020993782789446415
12274,505856,148.34,41,247,15.442282720000003,2460,0.00070748804,0.0003,0.12941798723768444,0.2,0.9857394695281982,0.03296157345175743,0.009375,-0.02452921426993271,-0.0005945109420281369
12378,507904,147.44,41,248,15.52074519,2470,0.0008597076,0.0003,0.09175359630025923,0.2,0.9900327324867249,0.01295663882046938,0.016015625,-0.023690636699757305,-0.0005448078067274764
12476,509952,147.85,40,249,15.454727870000001,2480,0.001841178,0.0003,0.12221819804981351,0.2,0.9879118800163269,0.055015385150909424,0.01044921875,-0.019454562134569642,-0.0014976648802985438
12568,512000,148.23,40,250,15.438813080000003,2490,0.00093706115,0.0003,0.10245565969962626,0.2,0.9878496527671814,0.059411123394966125,0.008447265625,-0.018132785729630996,-0.001394663366227178
12666,514048,148.49,40,251,15.436188180000002,2500,0.0019658078,0.0003,0.09293305582832545,0.2,0.989107608795166,0.04328501597046852,0.0111328125,-0.020097154940367547,-0.001397389003977878
12765,516096,148.66,40,252,15.438222670000002,2510,0.0019767974,0.0003,0.12439860856393352,0.2,0.9854298233985901,0.051514990627765656,0.0119140625,-0.023255643363449964,-0.0017825757022364996
12864,518144,147.85,40,253,15.521710820000001,2520,0.0008110519,0.0003,0.15127594624646007,0.2,0.9840061068534851,0.04440229758620262,0.01142578125,-0.02291302254996026,-0.0009256032361008692
12964,520192,147.86,40,254,15.49637474,2530,0.0009029383,0.0003,0.10806754732038826,0.2,0.9847831726074219,0.02853189781308174,0.006689453125,-0.0173037458818726,-0.0012683080058195628
13058,522240,147.66,39,255,15.538331920000001,2540,0.0018637948,0.0003,0.09039818996097893,0.2,0.9841546416282654,0.033442795276641846,0.015380859375,-0.02495207288650363,-0.0024860583187546583
13158,524288,148.32,39,256,15.463873020000001,2550,0.00107162,0.0003,0.11991758446674794,0.2,0.9870426058769226,0.048955660313367844,0.009130859375,-0.02252286138582349,-0.002352477462773095
13258,526336,147.96,39,257,15.482692810000003,2560,0.00084874616,0.0003,0.10013112489832565,0.2,0.9860995411872864,0.030836164951324463,0.013720703125,-0.029764058469754672,-0.0021787588812003378
13423,528384,147.34,39,258,15.565775550000001,2570,0.0008349614,0.0003,0.11029536252608522,0.2,0.9851083755493164,0.028992563486099243,0.012353515625,-0.027107451407755435,0.0004865507333306596
13675,530432,147.09,38,259,15.546447820000001,2580,0.00044764945,0.0003,0.09403955480083823,0.2,0.990431547164917,0.030033748596906662,0.00791015625,-0.026281212980848068,-0.0005557104908803012
13812,532480,148.0,38,260,15.455588979999998,2590,0.000891379,0.0003,0.12512615490704776,0.2,0.987007200717926,0.03720390424132347,0.013232421875,-0.030324704697432026,-0.002063454171002377
13914,534528,147.68,38,261,15.48845055,2600,0.0014880543,0.0003,0.09518030271865427,0.2,0.9867339134216309,0.061275750398635864,0.009814453125,-0.02702650670685216,-0.002054936220520176
14011,536576,147.72,38,262,15.48960785,2610,0.0012949846,0.0003,0.12848979060072452,0.2,0.9863607883453369,0.0721622183918953,0.017431640625,-0.0238962315347635,-0.003627021933061769
14106,538624,148.63,38,263,15.55374051,2620,0.006116721,0.0003,0.10726705498527736,0.2,0.9859316945075989,0.03242381662130356,0.022509765625,-0.04537194177737547,-0.0032127413374837487
14210,540672,149.92,38,264,15.450212160000001,2630,0.0072535817,0.0003,0.1845734972623177,0.2,0.9698560833930969,0.0529714860022068,0.0275390625,-0.06898372141877189,-0.0016278210066957399
14307,542720,151.45,37,265,15.351968419999999,2640,0.0026449044,0.0003,0.16122718651313334,0.2,0.9701262712478638,0.06370927393436432,0.021142578125,-0.0670566847838927,-0.002687997655812069
14405,544768,152.02,37,266,15.30146047,2650,0.0028362172,0.0003,0.20990571547299625,0.2,0.9647750854492188,0.03259731084108353,0.02763671875,-0.07910650322155562,-0.0035877506299584637
14509,546816,152.11,37,267,15.283679119999999,2660,0.0056774393,0.0003,0.144831601344049,0.2,0.9744600653648376,0.024986568838357925,0.028173828125,-0.05283006027457304,-0.005876375760999508
14613,548864,151.82,37,268,15.321671839999999,2670,0.0017749369,0.0003,0.14319909602636471,0.2,0.9764652848243713,0.04797153174877167,0.018505859375,-0.04326442580204457,-0.003115692422579741
14712,550912,152.19,37,269,15.253567750000002,2680,0.0014067043,0.0003,0.14016619690228255,0.2,0.9832358956336975,0.08680044114589691,0.014208984375,-0.039746757081593385,-0.003510073123106849
14816,552960,151.93,37,270,15.185675680000001,2690,0.002187762,0.0003,0.09415479473536834,0.2,0.9858646988868713,0.02309417724609375,0.016552734375,-0.0490291657159105,-0.0019110625275061467
14922,555008,151.13,37,271,15.186932030000001,2700,0.0034413198,0.0003,0.0800828953855671,0.2,0.9885616898536682,0.038468871265649796,0.02587890625,-0.05516571592597756,-0.0011893384158611297
15021,557056,149.96,37,272,15.28990389,2710,0.0019853017,0.0003,0.11179219360928982,0.2,0.9862795472145081,0.039913393557071686,0.019287109375,-0.0404114471268258,-0.0017906406115798744
15127,559104,149.4,36,273,15.27303672,2720,0.001522956,0.0003,0.07425060245441273,0.2,0.9897934198379517,0.01552816852927208,0.011279296875,-0.04066225251008291,-0.002092879706833628
15235,561152,149.63,36,274,15.25132158,2730,0.003681872,0.0003,0.10778574311407282,0.2,0.9886215925216675,0.030511144548654556,0.0197265625,-0.040757673367625105,-0.005031328822951764
15342,563200,149.61,36,275,15.34442936,2740,0.0013575708,0.0003,0.13420596342766658,0.2,0.9855029582977295,0.06492038816213608,0.01103515625,-0.0420140356538468,-0.001539700190187432
15443,565248,150.11,36,276,15.30936442,2750,0.0013617226,0.0003,0.1736950788530521,0.2,0.9792546033859253,0.03881147876381874,0.01259765625,-0.03721527813686407,-0.0023864719580160452
15551,567296,149.9,36,277,15.382422080000001,2760,0.0021432207,0.0003,0.10229069219203665,0.2,0.985443651676178,0.04051623120903969,0.016796875,-0.042627985728904604,-0.0023969360277988016
15652,569344,149.77,36,278,15.27626921,2770,0.0028648162,0.0003,0.11353054898791015,0.2,0.9833861589431763,0.024084752425551414,0.013916015625,-0.038734890753403306,-0.0017380526478518732
15760,571392,149.62,36,279,15.29321599,2780,0.004276762,0.0003,0.3123953353962861,0.2,0.8839192986488342,0.073048897087574,0.01962890625,-0.03985038751270622,-0.006269382891696295
15869,573440,149.4,36,280,15.325797450000003,2790,0.0017701567,0.0003,0.12176713180961088,0.2,0.9830169677734375,0.05972929298877716,0.00927734375,-0.027992829596041702,-0.0018166637921240181
15978,575488,149.09,36,281,15.344947600000003,2800,0.0008865603,0.0003,0.12193475790554657,0.2,0.9864733219146729,0.046054985374212265,0.012353515625,-0.0300131863077695,-0.0015458485104318243
16088,577536,148.93,35,282,15.30287182,2810,0.0005784516,0.0003,0.10254196038004011,0.2,0.987626850605011,0.02742551825940609,0.008642578125,-0.03080402205505379,-0.0012408138252794742
16191,579584,149.05,35,283,15.261643740000002,2820,0.0014687155,0.0003,0.1244585493230261,0.2,0.9867791533470154,0.04605444148182869,0.01513671875,-0.028155099059586065,-0.0010052091900433879
16301,581632,148.74,35,284,15.25450088,2830,0.0015168202,0.0003,0.10435303283738903,0.2,0.9869287610054016,0.049347251653671265,0.00849609375,-0.030451710696070222,-0.0009454383187403436
16412,583680,149.38,35,285,15.183603020000003,2840,0.0038503858,0.0003,0.13899255997966975,0.2,0.9824787378311157,0.05163119360804558,0.007177734375,-0.029778239348888746,-0.0013636231698910706
16523,585728,148.48,35,286,15.392189139999996,2850,0.0011110372,0.0003,0.14800929420161993,0.2,0.9847932457923889,0.07336094975471497,0.008740234375,-0.027046926519960834,-0.0010419691556307954
16627,587776,149.13,35,287,15.32466805,2860,0.00055753265,0.0003,0.1308342307456769,0.2,0.9828306436538696,0.057891469448804855,0.00478515625,-0.025873502100512268,-0.0007827536610420793
16738,589824,148.96,35,288,15.349229460000002,2870,0.00054914225,0.0003,0.13793734882492573,0.2,0.9828721284866333,0.07357964664697647,0.005712890625,-0.030688152304264804,-0.0007868038570450153
16850,591872,148.76,35,289,15.361988629999999,2880,0.0011845636,0.0003,0.12233543522888794,0.2,0.9847916960716248,0.015599245205521584,0.01494140625,-0.029432766525678743,-0.0014877997324219904
16963,593920,148.46,35,290,15.424645289999999,2890,0.001015373,0.0003,0.11189654977642931,0.2,0.9891311526298523,0.051197350025177,0.01123046875,-0.029747862919066392,-0.0004557234664389398
17076,595968,147.91,34,291,15.501690189999998,2900,0.0019562554,0.0003,0.11591035726014524,0.2,0.9883106350898743,0.03662669286131859,0.011181640625,-0.029065260020433924,-0.0015926202839182224
17190,598016,147.85,34,292,15.508199799999998,2910,0.0028320923,0.0003,0.11516300982329994,0.2,0.9898395538330078,0.04083699360489845,0.01650390625,-0.02495366696368819,-0.0005172404176846612
17303,600064,147.58,34,293,15.540478369999999,2920,0.0006963638,0.0003,0.07614050978445448,0.2,0.9889373779296875,0.030133740976452827,0.007861328125,-0.02251251603138371,-0.0008105108259769622
17417,602112,147.03,34,294,15.59220998,2930,0.00054588064,0.0003,0.11340915163746104,0.2,0.9874969720840454,0.03855744004249573,0.012548828125,-0.02311352536112281,-0.0010001579499657963
17531,604160,146.75,34,295,15.606723530000002,2940,0.001579491,0.0003,0.0892417818075046,0.2,0.9874768853187561,0.027838272973895073,0.010888671875,-0.024529742951017397,-0.0027760741410020272
17645,606208,146.58,34,296,15.614743579999999,2950,0.0006902238,0.0003,0.09722535732435063,0.2,0.9838480949401855,0.038647737354040146,0.009130859375,-0.025330156651489234,-0.0014415537967579438
17760,608256,146.68,34,297,15.597568969999998,2960,0.00064580544,0.0003,0.10183767925482243,0.2,0.9853026270866394,0.06379848718643188,0.008349609375,-0.02243189995620014,-0.0005003287173167337
17876,610304,146.91,34,298,15.53643886,2970,0.00063171214,0.0003,0.11200640661409125,0.2,0.9882293939590454,0.051131561398506165,0.005810546875,-0.020020488084924182,-0.0014689333984279074
17992,612352,146.78,34,299,15.547568960000001,2980,0.00031550147,0.0003,0.10287865987047554,0.2,0.9869179129600525,0.02894486114382744,0.0046875,-0.024694200950079903,-0.00014877062021696475
18109,614400,146.5,33,300,15.58381398,2990,0.00059239904,0.0003,0.06753108957200311,0.2,0.9900734424591064,0.025421565398573875,0.00615234375,-0.018482256720812985,0.00021167976228753105
18218,616448,146.75,33,301,15.56952826,3000,0.00057868403,0.0003,0.08706149970530533,0.2,0.9893994927406311,0.03869664669036865,0.00791015625,-0.016819066145126273,-0.00034847602801164613
18335,618496,147.14,33,302,15.56837096,3010,0.0007135266,0.0003,0.11157938950927929,0.2,0.9877310395240784,0.04079362004995346,0.009619140625,-0.023445307947940818,-0.0019173544649675022
18453,620544,147.97,33,303,15.504609280000002,3020,0.00059175264,0.0003,0.11519942994927987,0.2,0.9848304986953735,0.054671186953783035,0.012060546875,-0.021257124189742172,-0.0019439438598055857
18572,622592,147.12,33,304,15.587698689999998,3030,0.0013046192,0.0003,0.11534071889473126,0.2,0.9859285354614258,0.02055085077881813,0.018896484375,-0.027164180131353532,-0.00293619776784908
18690,624640,147.12,33,305,15.602212239999997,3040,0.0014870586,0.0003,0.10889889227692037,0.2,0.9879330396652222,0.045811619609594345,0.009521484375,-0.016434230107188343,-0.0018102094778441823
18809,626688,146.76,33,306,15.647258679999998,3050,0.001538411,0.0003,0.07331904631573707,0.2,0.9907960295677185,0.02280791848897934,0.01044921875,-0.01715115686988611,-0.002224859326088335
18928,628736,147.38,33,307,15.555647950000001,3060,0.00026428336,0.0003,0.11023662632796913,0.2,0.9889197945594788,0.06817898899316788,0.00302734375,-0.01566629127271426,-0.0002985440165502951
19048,630784,146.94,33,308,15.59477519,3070,0.0010188648,0.0003,0.13135902569629251,0.2,0.9814035296440125,0.022872235625982285,0.009521484375,-0.027077973883774576,0.0005360051567549817
19168,632832,146.76,33,309,15.57810852,3080,0.0010237412,0.0003,0.1257291912450455,0.2,0.9846537709236145,0.09329698234796524,0.008544921875,-0.020960826574457768,-0.0014809869659075047
19288,634880,146.7,32,310,15.556805250000002,3090,0.0012613402,0.0003,0.11626783146057278,0.2,0.985527515411377,0.03307037800550461,0.004541015625,-0.025043470749074002,-0.0012796847822755808
19401,636928,147.33,32,311,15.465923619999998,3100,0.00059030054,0.0003,0.13334465554216876,0.2,0.9807262420654297,0.05668433755636215,0.0080078125,-0.027640369880464276,-0.0015392081579193473
19522,638976,147.33,32,312,15.46341736,3110,0.0014665413,0.0003,0.09961877184687182,0.2,0.9867605566978455,0.03793744742870331,0.0115234375,-0.021864993963163215,-0.0019340104059665463
19644,641024,147.68,32,313,15.425322110000002,3120,0.0013284197,0.0003,0.06695344378822483,0.2,0.9921239614486694,0.020247602835297585,0.01259765625,-0.027288499343649165,-0.002724848239449784
19766,643072,148.01,32,314,15.27079008,3130,0.002735286,0.0003,0.11527150630718097,0.2,0.9859553575515747,0.05650517717003822,0.01474609375,-0.036538756224763345,-0.0016125545640534255
19880,645120,148.95,32,315,15.159614130000001,3140,0.0016016944,0.0003,1.03281754150521,0.2,0.8791362047195435,1.0054184198379517,0.02255859375,-0.04669509839295642,-0.0009379807459481526
20003,647168,149.21,32,316,15.1612432,3150,0.003018195,0.0003,0.17833185396157206,0.2,0.9730749130249023,0.03498125821352005,0.023583984375,-0.043405345975770615,-0.0028538680300698614
20118,649216,149.5,32,317,15.144576530000002,3160,0.00286093,0.0003,0.12642992532346398,0.2,0.983035683631897,0.0208042673766613,0.018505859375,-0.05423902783659287,-0.0008825797111057909
20241,651264,149.33,32,318,15.172270780000002,3170,0.0057866643,0.0003,0.13202781989239157,0.2,0.984721839427948,0.0417182557284832,0.02470703125,-0.042079474640922855,-0.005177746978733922
20365,653312,149.58,32,319,15.120436650000002,3180,0.0043371473,0.0003,0.0755038128409069,0.2,0.9861984848976135,0.020753908902406693,0.014501953125,-0.038296931295190004,-0.002159618218865944
20489,655360,149.42,31,320,15.108606949999997,3190,0.0019779522,0.0003,0.07127965561812744,0.2,0.9892786145210266,0.03792963922023773,0.0095703125,-0.03588403307876433,-0.0011180766872712412
20615,657408,149.4,31,321,15.20039068,3200,0.0024020507,0.0003,0.11414593058871106,0.2,0.9868602752685547,0.04542308673262596,0.008837890625,-0.025845995657800814,-0.0018487388158973772
20740,659456,148.67,31,322,15.267654700000001,3210,0.002166939,0.0003,0.11737409712513909,0.2,0.9832260012626648,0.05320923402905464,0.0162109375,-0.03347317807965737,-0.0020011004111438525
20866,661504,148.38,31,323,15.309008089999999,3220,0.0008645577,0.0003,0.0979192650935147,0.2,0.9838377833366394,0.036839358508586884,0.014306640625,-0.029249620200243954,-0.0017348317145660986
20984,663552,147.67,31,324,15.357659139999999,3230,0.00078124314,0.0003,0.11948478206759319,0.2,0.9853076934814453,0.062327418476343155,0.00654296875,-0.02644163782179021,-0.0012944208137923852
21109,665600,148.19,31,325,15.30530096,3240,0.0009703305,0.0003,0.1270799170830287,0.2,0.9847636222839355,0.052503716200590134,0.006787109375,-0.025950212320640275,-0.0016095687147753778
21235,667648,148.21,31,326,15.341220300000002,3250,0.0015016501,0.0003,0.08148667726782151,0.2,0.987756073474884,0.036041997373104095,0.014501953125,-0.02745193282626133,-0.0017816910374676808
21363,669696,148.16,31,327,15.34295189,3260,0.0017505675,0.0003,0.07598097977461293,0.2,0.9896367192268372,0.03048788011074066,0.008056640625,-0.023857933047111146,-0.001122395037964452
21482,671744,148.11,31,328,15.394686700000001,3270,0.00050298584,0.0003,0.07951317078550346,0.2,0.990405261516571,0.052880629897117615,0.0115234375,-0.02297960752466679,-0.0018921875911473763
21610,673792,148.34,31,329,15.397598380000002,3280,0.0023670965,0.0003,0.07748793855425902,0.2,0.9904087781906128,0.039289817214012146,0.01015625,-0.025498845356287346,-0.0021643234969815238
21738,675840,148.99,31,330,15.36794471,3290,0.0026462192,0.0003,0.10161893097683787,0.2,0.9850072860717773,0.017627067863941193,0.0185546875,-0.04550572496737004,-0.0015760603702801746
21859,677888,150.25,31,331,15.13137157,3300,0.015566698,0.0003,0.106031577300746,0.2,0.983390748500824,0.032781507819890976,0.04267578125,-0.07021594016696327,-0.003267960001539905
21980,679936,150.17,30,332,15.15183751,3310,0.004436364,0.0003,0.7784001359483227,0.2,0.8704835176467896,0.178291454911232,0.029931640625,-0.08711948837153613,-0.002522853724076413
22109,681984,150.78,30,333,14.95176672,3320,0.0050260862,0.0003,0.13370110671967267,0.2,0.9622119069099426,0.05721928924322128,0.031787109375,-0.0635767827508971,-0.0032070714638393837
22229,684032,150.87,30,334,14.968742739999998,3330,0.0076073194,0.0003,0.805071762832813,0.2,0.8902761936187744,0.08847171813249588,0.024072265625,-0.06058752968674526,-0.003054383598646382
22359,686080,151.25,30,335,14.94819135,3340,0.0051174397,0.0003,0.1735668025794439,0.2,0.9708505272865295,0.07561387866735458,0.024853515625,-0.05387619872635696,-0.0030412257910938933
22490,688128,151.33,30,336,14.94321201,3350,0.0017485635,0.0003,0.11879548068391159,0.2,0.9819022417068481,0.025107812136411667,0.01669921875,-0.042090830006054604,-0.0009442302864044905
22621,690176,150.71,30,337,14.996322070000002,3360,0.005784694,0.0003,0.1627522556344047,0.2,0.980686366558075,0.06947685778141022,0.0107421875,-0.033176157467460145,-0.0013733866304391994
22757,692224,149.57,30,338,15.16454718,3370,0.0005429514,0.0003,0.10745385257760062,0.2,0.9874303340911865,0.06634001433849335,0.00390625,-0.018218617055936193,-0.0004938496807881165
22881,694272,149.33,30,339,15.191911070000002,3380,0.017466445,0.0003,0.1127603554399684,0.2,0.9851877093315125,0.06862819194793701,0.0185546875,-0.033779021085410935,-0.003349741647252813
23015,696320,148.69,30,340,15.395553280000001,3390,0.0045576603,0.0003,0.13999960164073855,0.2,0.9777365326881409,0.015580099076032639,0.022216796875,-0.04190617829954135,-0.0009612442743673455
23151,698368,148.33,30,341,15.44692529,3400,0.005733455,0.0003,0.10831859461031854,0.2,0.9860163331031799,0.03550178185105324,0.018896484375,-0.02320619437532514,-0.004608486748475115
23284,700416,147.89,30,342,15.489479549999999,3410,0.0025100424,0.0003,0.10399252119241283,0.2,0.9876613616943359,0.020587198436260223,0.010595703125,-0.01895845113631367,-0.0023489668667025397
23420,702464,147.98,29,343,15.491547210000004,3420,0.0006849724,0.0003,0.1246877491590567,0.2,0.9863601326942444,0.03885997086763382,0.011865234375,-0.022647876605014973,-0.0013576619370724075
23554,704512,148.12,29,344,15.474880540000001,3430,0.0010534789,0.0003,0.11744848920498044,0.2,0.9877217411994934,0.07552482187747955,0.0111328125,-0.01888985463667723,-0.0007901247357949614
23682,706560,148.43,29,345,15.457211370000003,3440,0.00088466465,0.0003,0.07657733116066083,0.2,0.9886513948440552,0.035190630704164505,0.00986328125,-0.021774987046342176,-0.00028822936219512484
23817,708608,148.39,29,346,15.459273320000001,3450,0.0009422746,0.0003,0.08313425301457755,0.2,0.9905254244804382,0.033049874007701874,0.00791015625,-0.019986957736296062,-0.0010609672717691865
23954,710656,148.26,29,347,15.464394820000003,3460,0.001467033,0.0003,0.09388051214045845,0.2,0.9870626926422119,0.03237104043364525,0.011669921875,-0.02075394478006274,-0.0022975756557571
24091,712704,148.6,29,348,15.412765740000003,3470,0.0025461772,0.0003,0.124299408972729,0.2,0.984139084815979,0.08639433979988098,0.01015625,-0.027255292336121784,-0.0011270985454757466
24260,714752,148.75,29,349,15.45059401,3480,0.0019415488,0.0003,0.08245535191963427,0.2,0.9888854622840881,0.04825028404593468,0.011474609375,-0.03447300423431443,-0.0027768495012423953
24392,716800,149.25,29,350,15.35364708,3490,0.003768763,0.0003,0.11481345386710018,0.2,0.9835380911827087,-0.002597140148282051,0.014404296875,-0.029520510739712336,0.00013239923137007282
24528,718848,149.22,29,351,15.34978515,3500,0.0036137654,0.0003,0.13624511321540922,0.2,0.9805326461791992,0.03065158799290657,0.014306640625,-0.04946374157298124,-0.0027326044466462916
24651,720896,149.7,29,352,15.318258460000003,3510,0.0039339894,0.0003,0.1126846244209446,0.2,0.9821256399154663,0.03095097467303276,0.019482421875,-0.05066454985062592,-0.004280670092703076
24789,722944,149.47,29,353,15.32592537,3520,0.0011042765,0.0003,0.13921690066345035,0.2,0.9827669858932495,0.09752195328474045,0.014013671875,-0.0406283821517718,-0.0022107200857135467
24922,724992,149.41,29,354,15.333991240000005,3530,0.0034327153,0.0003,0.13029349135467783,0.2,0.983632504940033,0.04534077271819115,0.01103515625,-0.019141804001628772,-0.0027194334761588834
25059,727040,149.28,29,355,15.34501881,3540,0.0001677222,0.0003,0.11055846195667982,0.2,0.9859387874603271,0.06127088889479637,0.00166015625,-0.015901790477801114,-0.0006750992717570626
25195,729088,148.41,28,356,15.35699889,3550,0.0005427379,0.0003,0.1011639917618595,0.2,0.9879847168922424,0.040558215230703354,0.00400390625,-0.016507267399902048,-0.0011632332934823353
25332,731136,148.1,28,357,15.456326760000001,3560,0.0012472982,0.0003,0.12205436889780685,0.2,0.9855200052261353,0.02780480682849884,0.01572265625,-0.021143818796917912,-0.002849503677498433
25459,733184,148.4,28,358,15.44116385,3570,0.009627232,0.0003,0.12236858020769432,0.2,0.9836606979370117,0.04100354015827179,0.014453125,-0.03479185352443892,-0.0021463130971824283
25596,735232,148.56,28,359,15.2578033,3580,0.006850485,0.0003,0.08266896373825147,0.2,0.9889126420021057,0.029354847967624664,0.02080078125,-0.06020314169581979,0.0009298808181483764
25727,737280,148.89,28,360,15.289058579999999,3590,0.003056534,0.0003,0.8607272560708225,0.2,0.88227379322052,0.20581325888633728,0.020947265625,-0.08469858645694331,-0.0019533396676706615
25855,739328,150.42,28,361,14.694916880000001,3600,0.0054959063,0.0003,0.19582752533024178,0.2,0.9646776914596558,0.05920025333762169,0.035107421875,-0.10699080839985982,-0.0029410296563582962
25995,741376,151.09,28,362,14.41105278,3610,0.002302955,0.0003,1.866515093902126,0.2,0.6494557857513428,2.0222785472869873,0.023046875,-0.11277339502703398,-0.0013496634215698577
26123,743424,152.29,28,363,13.99317197,3620,0.0016715743,0.0003,1.893112553935498,0.2,0.7262577414512634,1.0642857551574707,0.01328125,-0.10724238891853019,-0.002431316995352972
26263,745472,152.37,28,364,13.783572969999998,3630,0.008098284,0.0003,1.2105664677452297,0.2,0.7301616668701172,0.15849913656711578,0.03251953125,-0.07380187766975724,-0.002955574142470141
26392,747520,152.14,28,365,13.81452536,3640,0.0027235332,0.0003,0.6490597711876035,0.2,0.8610273599624634,0.1931135654449463,0.0189453125,-0.07337070915382356,-0.0025830440601566805
26533,749568,151.53,28,366,13.991317350000001,3650,0.011515709,0.0003,0.2867157996166497,0.2,0.9427905678749084,0.09121198952198029,0.03369140625,-0.06208232704666443,-0.0017300109277130105
26683,751616,150.46,28,367,14.059154710000003,3660,0.003745833,0.0003,0.15744900731369854,0.2,0.976269006729126,0.05751126632094383,0.01064453125,-0.03182067986563197,-0.001580138679855736
26814,753664,150.31,28,368,14.473544600000002,3670,0.00147694,0.0003,0.15456952962558718,0.2,0.9767983555793762,0.034572940319776535,0.0091796875,-0.02560304054077278,-0.0015702919474279043
26947,755712,149.93,28,369,14.597583850000001,3680,0.0044475817,0.0003,0.11925572628388181,0.2,0.9779062271118164,0.04293173924088478,0.018115234375,-0.03739313735786709,-0.003137289934238652
27087,757760,149.18,27,370,14.52131809,3690,0.0045930874,0.0003,0.11740437706466764,0.2,0.9832406044006348,0.047632038593292236,0.019189453125,-0.051547718577785416,-0.0023776550551701803
27231,759808,148.5,27,371,14.96843818,3700,0.0033857801,0.0003,1.0011289538815618,0.2,0.8158556818962097,0.683628499507904,0.028369140625,-0.0699388811015524,-0.0021610750249237754
27373,761856,149.23,27,372,14.86727047,3710,0.0069019673,0.0003,0.20627164200413972,0.2,0.9512609243392944,0.10132427513599396,0.028759765625,-0.06349004592339043,-0.0009159970773907844
27508,763904,149.84,27,373,14.808418790000003,3720,0.0062641953,0.0003,0.19197754606138914,0.2,0.9690728783607483,0.08276480436325073,0.041796875,-0.08878535449621268,-0.002399876246636268
27649,765952,150.64,27,374,14.710661029999999,3730,0.004600557,0.0003,0.11282775102881715,0.2,0.9818075895309448,0.03570215031504631,0.031689453125,-0.06120930230390513,-0.001892859416693682
27785,768000,150.34,27,375,14.764512589999999,3740,0.0018226632,0.0003,0.12388227252522484,0.2,0.9814407229423523,0.06496752798557281,0.016796875,-0.05934904563182499,-0.0006138885844848118
27927,770048,149.57,27,376,14.90232155,3750,0.00870385,0.0003,0.15375918322242796,0.2,0.9784405827522278,0.033596187829971313,0.031298828125,-0.05069169217313174,-0.005252834944258211
28072,772096,149.12,27,377,15.301729040000003,3760,0.0008841229,0.0003,0.14215751531301066,0.2,0.9793105721473694,0.0606556162238121,0.011376953125,-0.04135656404614565,-0.0009033080052176957
28216,774144,149.29,27,378,15.2287967,3770,0.0027445941,0.0003,0.12151930823456496,0.2,0.9848031997680664,0.051503006368875504,0.014697265625,-0.03230235108640045,-0.001846199049759889
28363,776192,149.09,27,379,15.251313969999998,3780,0.0023854133,0.0003,0.09021459127543494,0.2,0.9867926239967346,0.054497092962265015,0.0138671875,-0.042646222367693554,-0.0012250896405021194
28508,778240,148.37,27,380,15.3320556,3790,0.0032034076,0.0003,0.09569153191987426,0.2,0.9859873652458191,0.03794994205236435,0.020068359375,-0.04092427272189525,-0.0020264235379727326
28654,780288,148.01,27,381,15.38639599,3800,0.0023715233,0.0003,0.1165210715145804,0.2,0.9805803894996643,0.058189526200294495,0.01669921875,-0.03717182581458474,-0.002022203625529073
28790,782336,148.0,27,382,15.400032349999998,3810,0.0024175413,0.0003,0.13300618750508875,0.2,0.9832817316055298,0.05605844408273697,0.010888671875,-0.04017739570845151,-0.0009380947682075203
28937,784384,147.81,27,383,15.42400036,3820,0.0033711488,0.0003,0.11704292352078483,0.2,0.9844760894775391,0.04688422009348869,0.022119140625,-0.04633326359034982,-0.0027382484477129765
29084,786432,148.25,27,384,15.383995930000001,3830,0.0032285624,0.0003,0.08848624603124336,0.2,0.9901926517486572,0.037216052412986755,0.02578125,-0.05100194581900723,0.0007003718761552591
29220,788480,148.68,26,385,15.451101199999998,3840,0.0035824925,0.0003,0.09611146042589098,0.2,0.9880405068397522,0.04875755310058594,0.02822265625,-0.06191997800488025,-0.0018566491206001956
29369,790528,148.54,26,386,15.490238090000002,3850,0.0028156121,0.0003,0.15706560246180742,0.2,0.9753094911575317,0.02762690559029579,0.023046875,-0.06867777227016632,-0.0023677139288338367
29516,792576,149.08,26,387,15.463170419999999,3860,0.0025686568,0.0003,0.12541577749652788,0.2,0.9835295677185059,0.04784870892763138,0.0296875,-0.05586584278789815,-0.0038370518068404635
29665,794624,148.42,26,388,15.550071520000001,3870,0.0035164624,0.0003,0.09049990645144135,0.2,0.9875129461288452,0.05727759003639221,0.020947265625,-0.04387191582354717,-0.0016855052032042294
29814,796672,148.47,26,389,15.548442450000003,3880,0.0007749058,0.0003,0.10777695366414264,0.2,0.9851672053337097,0.041277408599853516,0.008642578125,-0.027197152461121733,-0.0006391552844434046
29954,798720,149.06,26,390,15.503329650000003,3890,0.0019946815,0.0003,0.09028405816061422,0.2,0.9889233708381653,0.042027298361063004,0.01455078125,-0.03149062156999207,-0.0014366133043949958
30105,800768,148.39,26,391,15.57400636,3900,0.0022259788,0.0003,0.11483743012649938,0.2,0.982563853263855,0.045592039823532104,0.013623046875,-0.043753911695239366,-0.001894154657929903
30255,802816,148.23,26,392,15.566197069999998,3910,0.0020734495,0.0003,0.136320310307201,0.2,0.986250638961792,0.041569389402866364,0.010888671875,-0.031700540991005256,-0.001711383649671916
30406,804864,148.05,26,393,15.527857889999998,3920,0.0022902866,0.0003,0.060798441828228536,0.2,0.9920684695243835,0.02594882622361183,0.013427734375,-0.03301658196087374,-0.0008458934986265376
30559,806912,147.74,26,394,15.553171180000001,3930,0.001552432,0.0003,0.150683411618229,0.2,0.9819183349609375,0.04847056791186333,0.013427734375,-0.04166704213057528,-0.0032299955400958424
30700,808960,148.69,26,395,15.47482731,3940,0.0033944817,0.0003,0.10628853628295473,0.2,0.9865701794624329,0.021353933960199356,0.02060546875,-0.05385723962535849,-0.004285598392016254
30853,811008,149.33,26,396,15.42316206,3950,0.009903146,0.0003,0.2396505529526621,0.2,0.954639196395874,0.08516211807727814,0.0279296875,-0.04904444895219058,-0.00392576696103788
30995,813056,149.31,26,397,15.450509839999997,3960,0.0029354244,0.0003,0.12033356754109263,0.2,0.9812468886375427,0.047820039093494415,0.020751953125,-0.049077853522612715,-0.003370430233189836
31149,815104,150.14,26,398,15.332988740000003,3970,0.0064293207,0.0003,0.13681320443283768,0.2,0.9731951951980591,0.04679716005921364,0.03935546875,-0.0638921493809903,-0.004195611613977235
31301,817152,149.84,26,399,15.361537389999999,3980,0.003079438,0.0003,0.09030534584308043,0.2,0.985931932926178,0.039123743772506714,0.023779296875,-0.05957621040288359,-0.0010888183271163144
31445,819200,149.95,26,400,15.319152010000003,3990,0.0037525934,0.0003,0.07092244244995527,0.2,0.9861964583396912,0.03553451597690582,0.014208984375,-0.03271036609367002,-0.0009284815983846784
31597,821248,150.12,25,401,15.27230762,4000,0.0015490989,0.0003,0.06150956893688999,0.2,0.9905118346214294,0.013569055125117302,0.010205078125,-0.03371258930419572,-0.0004911523246846627
31753,823296,149.85,25,402,15.267238400000002,4010,0.00447343,0.0003,0.09368820884265006,0.2,0.9882475137710571,0.03604961559176445,0.015380859375,-0.03897126486481284,-0.000869598108693026
31908,825344,149.56,25,403,15.267466230000002,4020,0.0047320854,0.0003,0.0966896596364677,0.2,0.9881570935249329,0.04736550897359848,0.012451171875,-0.029496417506015858,-0.0022985359450103716
32063,827392,148.75,25,404,15.30326026,4030,0.0015835548,0.0003,0.13347533487249166,0.2,0.9845499396324158,0.03921014070510864,0.0095703125,-0.02759110889674048,-0.002080100886814762
32219,829440,148.14,25,405,15.351328310000003,4040,0.0012507888,0.0003,0.07797743652481585,0.2,0.9887556433677673,0.029678722843527794,0.012353515625,-0.02505826842098031,-0.0013269064162159338
32375,831488,147.93,25,406,15.384035079999999,4050,0.0014663247,0.0003,0.06183133185259067,0.2,0.9917340874671936,0.03920343518257141,0.011279296875,-0.021383266870543594,-0.0010009355311922264
32520,833536,147.8,25,407,15.412293239999999,4060,0.0012269906,0.0003,0.08575923964381219,0.2,0.9896439909934998,0.02926470711827278,0.00986328125,-0.028501304820747465,-0.002397019956697477
32686,835584,147.26,25,408,15.47057062,4070,0.0055255587,0.0003,0.09148059834260494,0.2,0.9834905862808228,0.03453005850315094,0.0224609375,-0.03231179170543328,0.0004872567660640925
32833,837632,147.43,25,409,15.448884719999999,4080,0.0018988646,0.0003,0.11442513976362534,0.2,0.9818768501281738,0.037657059729099274,0.012451171875,-0.0365091331586882,-0.0013475903659127652
32990,839680,147.55,25,410,15.440215310000001,4090,0.0037101002,0.0003,0.10188226597383618,0.2,0.9826263785362244,0.04294537007808685,0.0189453125,-0.04748252278950531,-0.002321915661741514
33136,841728,148.0,25,411,15.42235817,4100,0.0029756757,0.0003,0.11444036972243339,0.2,0.984963595867157,0.045779064297676086,0.020458984375,-0.05269604529894423,-0.0027755417824664617
33294,843776,149.32,25,412,15.30974707,4110,0.005512156,0.0003,0.13160511119058355,0.2,0.9811596274375916,0.07334055006504059,0.029833984375,-0.08276105972472578,-0.003583286645152839
33442,845824,150.38,25,413,15.039329700000005,4120,0.009612825,0.0003,0.11637522311648354,0.2,0.9800663590431213,0.049422215670347214,0.046337890625,-0.09997642786474899,-0.004421007507335162
33590,847872,150.44,25,414,15.084254510000003,4130,0.0045215134,0.0003,0.8670219281455502,0.2,0.8597126007080078,0.3907504975795746,0.0287109375,-0.08932414214359596,-0.0028525492976768873
33751,849920,150.62,25,415,15.110230289999997,4140,0.005918206,0.0003,0.13015924830688164,0.2,0.9700992107391357,0.033454179763793945,0.0486328125,-0.08918828779133037,-0.004286265635164455
33910,851968,150.89,25,416,15.12242604,4150,0.0033593297,0.0003,0.11972596463747323,0.2,0.9806499481201172,0.026048820465803146,0.024609375,-0.05796747293497902,-0.0012404934619553386
34071,854016,151.55,25,417,15.04137112,4160,0.0031834887,0.0003,0.14286618342157453,0.2,0.980360746383667,0.05666665360331535,0.02099609375,-0.0603556974674575,-0.002792520714137936
34219,856064,150.86,25,418,15.12165709,4170,0.002830502,0.0003,0.11085233946796506,0.2,0.9832141399383545,0.04267001152038574,0.017236328125,-0.06312179930973798,-0.0007325644393858966
34381,858112,150.32,24,419,15.190032580000004,4180,0.00423113,0.0003,0.08757364125922322,0.2,0.9882841110229492,0.01844656653702259,0.019091796875,-0.054675704645342195,-0.0022657152308966032
34530,860160,150.54,24,420,15.214616760000004,4190,0.0036575422,0.0003,0.08589453370659612,0.2,0.9850383996963501,0.0408162921667099,0.0181640625,-0.06026473268866539,-0.002589585623354651
34692,862208,150.19,24,421,15.428289999999999,4200,0.00485292,0.0003,0.19631341560743748,0.2,0.9659627676010132,0.08625969290733337,0.0263671875,-0.0743562709132675,-0.0021931295981630684
34841,864256,150.61,24,422,15.399303489999998,4210,0.004671327,0.0003,0.10834291639039292,0.2,0.9863190650939941,0.06561605632305145,0.026708984375,-0.06476181838152115,-0.002281182655133307
35005,866304,150.73,24,423,15.38716444,4220,0.0027281395,0.0003,0.14779831547057257,0.2,0.977246880531311,0.023017868399620056,0.035595703125,-0.0867564961896278,-0.0045788015282596465
35154,868352,151.63,24,424,15.344330070000002,4230,0.0037265534,0.0003,0.18456451445817948,0.2,0.977792501449585,0.06782865524291992,0.033154296875,-0.07553992642788217,-0.0043568580127612225
35307,870400,152.85,24,425,15.32248188,4240,0.008927969,0.0003,0.1862315803184174,0.2,0.9595690965652466,0.07231876254081726,0.054931640625,-0.12369679547846317,-0.004317128614638932
35457,872448,153.48,24,426,15.29584241,4250,0.004988269,0.0003,0.14960255587939172,0.2,0.9715373516082764,0.05637397617101669,0.043408203125,-0.1314893222413957,-0.002687495441205101
35621,874496,153.44,24,427,15.242654100000003,4260,0.0072724195,0.0003,0.1870094837504439,0.2,0.9685233235359192,0.06040764972567558,0.048974609375,-0.10986759548541158,-0.005724728891073028
35772,876544,154.06,24,428,15.177633170000002,4270,0.004569101,0.0003,0.17991618865635245,0.2,0.9758119583129883,0.08610104024410248,0.033154296875,-0.09061099764658138,-0.002755883210193133
35936,878592,153.86,24,429,15.218892579999999,4280,0.010426571,0.0003,0.15970804281532763,0.2,0.971112072467804,0.06949851661920547,0.039404296875,-0.1041578113567084,-0.001986246735759778
36088,880640,153.35,24,430,15.210301440000002,4290,0.004574073,0.0003,0.1466735592810437,0.2,0.9774783849716187,0.06931255012750626,0.028955078125,-0.0803061154205352,-0.0027102830972580705
36253,882688,153.8,24,431,15.167152780000002,4300,0.0027329882,0.0003,0.11583065225277096,0.2,0.9835472106933594,0.029645219445228577,0.02568359375,-0.07604970297543331,-0.0008772472545388154
36418,884736,151.92,24,432,15.255036790000002,4310,0.004852395,0.0003,0.14487211315426976,0.2,0.9818482995033264,0.05983954668045044,0.026806640625,-0.07753504605498165,-0.003515655551746022
36572,886784,151.35,24,433,15.23167611,4320,0.0032882916,0.0003,0.15543770596850665,0.2,0.9823957085609436,0.06709785014390945,0.025927734375,-0.06852618086559233,-0.0017026240479026456
36738,888832,150.49,24,434,15.252567509999999,4330,0.01144138,0.0003,0.09646865562535822,0.2,0.9844052791595459,0.03986503928899765,0.03330078125,-0.07855765361455269,-0.0014937077066861093
36905,890880,149.75,24,435,15.282289220000001,4340,0.0027021351,0.0003,0.11565866983728483,0.2,0.9825145602226257,0.056939225643873215,0.02177734375,-0.0603987009555567,-0.0015037126293464098
37061,892928,151.0,24,436,15.123719480000002,4350,0.0052420637,0.0003,0.11558311955304816,0.2,0.9784166216850281,0.03581979125738144,0.03369140625,-0.07433680510148406,-0.0024850946065271273
37205,894976,151.97,24,437,15.00373843,4360,0.0039221547,0.0003,0.10338564952835441,0.2,0.9768732190132141,0.028465785086154938,0.042626953125,-0.08939900473924353,-0.0014372313584317454
37372,897024,151.67,24,438,14.988461610000002,4370,0.0117691215,0.0003,0.10045695300213993,0.2,0.9794899225234985,0.027015695348381996,0.0400390625,-0.09542969468166121,-0.0038654090720228853
37539,899072,152.57,23,439,14.886126950000003,4380,0.0035689485,0.0003,0.11435461863875389,0.2,0.9764756560325623,0.06795976310968399,0.0232421875,-0.05469023797486443,-0.000992922754085157
37698,901120,152.58,23,440,14.86053355,4390,0.0017226329,0.0003,0.16347297796746715,0.2,0.9775963425636292,0.040309809148311615,0.016650390625,-0.06106177792826202,-0.0022397589942556805
37865,903168,152.74,23,441,14.835454540000002,4400,0.003013725,0.0003,0.1340107536991127,0.2,0.9807949662208557,0.10069336742162704,0.014501953125,-0.049434615910286084,-0.0033853620305308143
38023,905216,152.95,23,442,14.831154750000001,4410,0.002952569,0.0003,0.13530853232368828,0.2,0.9811477065086365,0.05495018512010574,0.017822265625,-0.04879562025307678,-0.0011007646560756256
38191,907264,152.14,23,443,14.707772030000003,4420,0.0030577593,0.0003,0.12509602882200851,0.2,0.983420729637146,0.026608919724822044,0.02275390625,-0.05696766449254938,-0.0026813368298462593
38350,909312,151.24,23,444,14.767939490000003,4430,0.0022347164,0.0003,1.070425813179463,0.2,0.876309871673584,1.0693730115890503,0.018115234375,-0.05491603133341414,-0.002277928698094911
38519,911360,151.47,23,445,14.727588600000004,4440,0.0033365584,0.0003,0.14999770214781166,0.2,0.9793240427970886,0.055101752281188965,0.01767578125,-0.05200351811508881,-0.0017073646522476338
38679,913408,151.56,23,446,14.709286400000003,4450,0.0049762325,0.0003,0.10783352277940139,0.2,0.9801176190376282,0.05863234028220177,0.020849609375,-0.04895969365934434,-0.0022547367043443955
38850,915456,151.59,23,447,14.68935764,4460,0.0024283133,0.0003,0.07696856309194118,0.2,0.9882264733314514,0.007666267454624176,0.0158203125,-0.04050889150094008,-0.001919225076562725
39008,917504,151.19,23,448,14.703643360000003,4470,0.0031117108,0.0003,0.17316583022475243,0.2,0.9743481874465942,0.08197568356990814,0.019287109375,-0.0416517204423144,-0.0030958242023189086
39181,919552,150.99,23,449,14.69917122,4480,0.0015800712,0.0003,0.11032020536949858,0.2,0.9839105606079102,0.04761059209704399,0.007275390625,-0.034952824793435866,-0.0008350148083991372
39350,921600,150.42,23,450,14.892456710000003,4490,0.0013858886,0.0003,0.12140454623149707,0.2,0.984001100063324,0.03035275638103485,0.012939453125,-0.03802578752511181,-0.0018120757900760508
39524,923648,150.18,23,451,14.916915600000003,4500,0.0023877146,0.0003,0.09565029876539484,0.2,0.9851917028427124,0.04638238996267319,0.01904296875,-0.04002471312269336,-0.001548240560805425
39695,925696,149.36,23,452,15.014801649999999,4510,0.002509571,0.0003,0.10449480389943347,0.2,0.9850296378135681,0.03465888649225235,0.01689453125,-0.044523984759871384,-0.0028591387628694063
39858,927744,149.18,23,453,15.045754039999998,4520,0.0019164783,0.0003,0.10234490337315946,0.2,0.9857701659202576,0.04869568347930908,0.013623046875,-0.04353007346526283,0.0001217171702592168
40032,929792,148.74,23,454,15.1369529,4530,0.002739959,0.0003,0.07705573542625643,0.2,0.9844368696212769,0.0305932704359293,0.02333984375,-0.0573307345926878,0.002263139333808795
40212,931840,149.07,23,455,15.14192951,4540,0.0033445535,0.0003,0.04635212021530606,0.2,0.9918168783187866,0.010551647283136845,0.02412109375,-0.0539353189033136,-0.0017356102907797322
40381,933888,149.62,23,456,15.144333250000003,4550,0.0039760224,0.0003,0.06296252766624093,0.2,0.9882645606994629,0.010130779817700386,0.02802734375,-0.05422250280971639,-0.00412884521210799
40558,935936,150.25,23,457,15.16122775,4560,0.00469443,0.0003,0.06821059554931708,0.2,0.9893243908882141,0.028555501252412796,0.022607421875,-0.06930059488513507,-0.0027878537875949405
40725,937984,149.88,23,458,15.24204839,4570,0.004345193,0.0003,0.10071751435752958,0.2,0.9848342537879944,0.03729556128382683,0.028369140625,-0.07048837351612747,-0.0024705458909011213
40904,940032,150.27,22,459,15.235162600000002,4580,0.0029773756,0.0003,0.10027878452092409,0.2,0.9848286509513855,0.02474173903465271,0.019287109375,-0.06308988979144488,-0.002657347172498703
41080,942080,151.03,22,460,15.21391161,4590,0.009086064,0.0003,0.10940597169101238,0.2,0.9810950756072998,0.04929261654615402,0.0279296875,-0.07057034355821087,-0.004763701812044019
41259,944128,150.65,22,461,15.262931909999999,4600,0.0025399616,0.0003,0.13369482320267706,0.2,0.9766901135444641,0.04028895124793053,0.023681640625,-0.07167039268242661,-0.003303062733175466
41439,946176,150.39,22,462,15.34212993,4610,0.0018442564,0.0003,0.10087818563915789,0.2,0.9845104813575745,0.03679939731955528,0.01376953125,-0.05649588291125838,-0.0026261410217557567
41605,948224,150.88,22,463,15.330733100000002,4620,0.0022611516,0.0003,0.12359481437597424,0.2,0.9823217988014221,0.05344010889530182,0.019482421875,-0.06596783268614673,-0.0042254463245626536
41784,950272,150.3,22,464,15.379001520000001,4630,0.0035835262,0.0003,0.10802770428126678,0.2,0.9790211915969849,0.02575721964240074,0.035205078125,-0.08663187497877516,-0.004785690373682883
41952,952320,151.05,22,465,15.12945036,4640,0.0048501627,0.0003,0.14114478359697386,0.2,0.9825584292411804,0.028641818091273308,0.034375,-0.07327410694560968,-0.006518388062977465
42132,954368,151.59,22,466,15.05349415,4650,0.0042795953,0.0003,0.672141500620637,0.2,0.8671083450317383,0.06048654764890671,0.021240234375,-0.07741797197959385,-0.001975131977815181
42300,956416,151.34,22,467,15.042061160000001,4660,0.0042186417,0.0003,0.14685479763429612,0.2,0.9757165312767029,0.058147065341472626,0.033740234375,-0.07962646421510726,-0.003661803511204198
42480,958464,151.25,22,468,14.99531929,4670,0.0040621688,0.0003,0.10576980882324279,0.2,0.9802436232566833,0.02482960745692253,0.033251953125,-0.07647514997224789,-0.003133685697684996
42666,960512,151.1,22,469,15.00675228,4680,0.0016517849,0.0003,0.10716902093263343,0.2,0.9838173985481262,0.03901480510830879,0.011962890625,-0.05307588783107349,-0.001377496244822396
42838,962560,151.34,22,470,14.934941060000002,4690,0.0018056108,0.0003,0.10609134861733764,0.2,0.9865744709968567,0.05214281380176544,0.018310546875,-0.05582331859623082,-0.0031731226859847083
43020,964608,150.71,22,471,14.989577670000001,4700,0.003035449,0.0003,0.10272988317301497,0.2,0.9846447706222534,0.028392355889081955,0.018603515625,-0.059277590559213424,-0.0028397512673109305
43204,966656,150.66,22,472,15.16669774,4710,0.0023961067,0.0003,0.09800723906373605,0.2,0.9866622090339661,0.04821237921714783,0.016650390625,-0.03983566253591562,-0.003114364812063286
43376,968704,150.02,22,473,15.228493540000002,4720,0.0016389012,0.0003,0.1389733701129444,0.2,0.9829413890838623,0.05074600875377655,0.01669921875,-0.03878091101450991,-0.0027252694162598345
43561,970752,149.86,22,474,15.261747390000004,4730,0.0010007778,0.0003,0.1059623911511153,0.2,0.9861732125282288,0.03517310321331024,0.0095703125,-0.03495434233627748,-0.0014553067463566548
43747,972800,149.3,22,475,15.392904849999997,4740,0.0012235065,0.0003,0.11533307045465335,0.2,0.9861791729927063,0.046493060886859894,0.012158203125,-0.04232362149705295,-0.0010414603799290489
43932,974848,149.22,22,476,15.423207879999998,4750,0.0070437975,0.0003,0.09218401500256732,0.2,0.9886910319328308,0.037923865020275116,0.01318359375,-0.03256176900545142,-0.0009732829392305575
44121,976896,148.56,22,477,15.499131650000002,4760,0.0020918883,0.0003,0.10414189147995785,0.2,0.9876049757003784,0.05379604920744896,0.011572265625,-0.02645478363715483,-0.002814110441795492
44308,978944,148.28,22,478,15.537978779999998,4770,0.0017330152,0.0003,0.07659865223104134,0.2,0.9905126690864563,0.02027544379234314,0.014111328125,-0.02784194024206954,-0.0014989015635364922
44482,980992,148.28,22,479,15.54796471,4780,0.0044819396,0.0003,0.11298263592179865,0.2,0.9849996566772461,0.05369063466787338,0.016015625,-0.034183095367552596,-0.0019868777388182936
44670,983040,148.32,22,480,15.569495810000001,4790,0.0025568227,0.0003,0.10143445048015565,0.2,0.9871446490287781,0.06171990931034088,0.02919921875,-0.0517801497666369,-0.004974000997754047
44857,985088,148.27,21,481,15.59719006,4800,0.0043031033,0.0003,0.11360553484410048,0.2,0.9871805310249329,0.041869670152664185,0.022314453125,-0.061022496043005955,0.0003684541647089645
45032,987136,148.58,21,482,15.58187235,4810,0.0051636207,0.0003,0.09647939997958019,0.2,0.9873925447463989,0.041770659387111664,0.022607421875,-0.0667840257694479,0.00022485381341539324
45220,989184,149.09,21,483,15.548908260000001,4820,0.0037457389,0.0003,0.13268415232887493,0.2,0.9850116968154907,0.04632353037595749,0.020703125,-0.05767868456605356,-0.001101995572389569
45409,991232,149.28,21,484,15.525695810000002,4830,0.00730441,0.0003,0.1107738541555591,0.2,0.9864150881767273,0.05480104684829712,0.025634765625,-0.05623903137166053,-0.002319274233741453
45585,993280,149.64,21,485,15.472335130000001,4840,0.00261572,0.0003,0.12841005746740847,0.2,0.9842509627342224,0.06569570302963257,0.02080078125,-0.05598542665829882,-0.0022281656980339903
45775,995328,149.45,21,486,15.46733894,4850,0.0011880096,0.0003,0.11584235589252785,0.2,0.9856417179107666,0.06500726193189621,0.0248046875,-0.053033728431910274,-0.0014888200239511207
45964,997376,149.55,21,487,15.418090810000002,4860,0.0023815096,0.0003,0.07650368535541929,0.2,0.9899246692657471,0.024566490203142166,0.018798828125,-0.03988214169803541,-0.0017794339466490783
46154,999424,149.63,21,488,15.368967989999998,4870,0.0011392736,0.0003,0.08921440066769719,0.2,0.990441620349884,0.02622600831091404,0.01279296875,-0.03945472459636221,-0.000715815390140051
46331,1001472,149.36,21,489,15.32535896,4880,0.0018548496,0.0003,0.08299345160485246,0.2,0.9896814823150635,0.02568093314766884,0.016748046875,-0.033304509771915035,-0.0016314442342263646
