time/time_elapsed,rollout/ep_len_mean,rollout/ep_rew_mean,time/total_timesteps,time/fps,time/iterations,train/loss,train/clip_fraction,train/entropy_loss,train/n_updates,train/explained_variance,train/policy_gradient_loss,train/approx_kl,train/learning_rate,train/clip_range,train/value_loss
10,658.3333333333334,-23625.666666666668,2048,195,1,,,,,,,,,,
22,604.3333333333334,-19843.666666666668,4096,178,2,273045.96875,0.00478515625,-1.1002708131447434,10,-0.0001913309097290039,-0.0041519523889292035,0.0032255892,0.0003,0.2,460980.6251953125
33,586.7,-18833.6,6144,183,3,155964.53125,0.003662109375,-1.0741411913186312,20,1.2278556823730469e-05,-0.003043395724671427,0.0047262986,0.0003,0.2,301211.5811523438
43,587.3076923076923,-19151.384615384617,8192,187,4,193776.375,0.006396484375,-1.0721144787967205,30,7.033348083496094e-06,-0.002931131311925128,0.002774468,0.0003,0.2,345559.5529296875
49,592.6470588235294,-19690.647058823528,10240,206,5,252846.90625,0.0,-1.035233348608017,40,-3.337860107421875e-06,-0.003358120635675732,0.0024490934,0.0003,0.2,465732.41640625
56,597.9,-20034.3,12288,217,6,229813.515625,0.0,-1.0512043433263898,50,7.748603820800781e-07,-0.0028428384524886497,0.0027903533,0.0003,0.2,431004.82421875
63,603.3478260869565,-20533.478260869564,14336,224,7,207497.4375,0.006884765625,-1.0827013848349452,60,-4.76837158203125e-07,-0.003302277698821854,0.0044120373,0.0003,0.2,427629.9432617187
70,607.9615384615385,-21179.346153846152,16384,233,8,295971.09375,0.0,-1.0646436212584376,70,5.960464477539063e-08,-0.0014520177035592496,0.0007624052,0.0003,0.2,518323.43515625
79,615.2413793103449,-22014.51724137931,18432,231,9,307035.1875,0.0,-1.0615962097421288,80,0.0,-0.0022275739611359313,0.002649595,0.0003,0.2,611540.6190429687
87,619.5454545454545,-22567.060606060608,20480,234,10,263403.1875,0.0,-1.0665575420483946,90,0.0,-0.0011608658081968316,0.0008418509,0.0003,0.2,652903.01875
96,623.2777777777778,-22917.166666666668,22528,233,11,263087.5625,0.0,-1.0579449212178589,100,0.0,-0.0014794470196648035,0.000901342,0.0003,0.2,609840.9484375
104,627.2564102564103,-23346.23076923077,24576,234,12,234117.59375,0.0,-1.072309941984713,110,0.0,-0.0014905464413459413,0.0009261939,0.0003,0.2,576296.4595703125
114,630.1428571428571,-23486.761904761905,26624,231,13,324667.40625,0.0044921875,-1.0795845698565245,120,0.0,-0.0035280965956189904,0.0039238473,0.0003,0.2,626733.637890625
123,628.3333333333334,-23266.044444444444,28672,232,14,268051.96875,0.012890625,-1.0800434708595277,130,1.1920928955078125e-07,-0.005271539464592934,0.005571858,0.0003,0.2,513905.3641601562
131,624.5918367346939,-22867.244897959183,30720,232,15,200112.03125,0.0,-1.0913486436009407,140,0.0,-0.0010354564932640643,0.00047385215,0.0003,0.2,380802.0505859375
139,622.9615384615385,-22702.46153846154,32768,235,16,193173.25,0.007470703125,-1.07874421402812,150,1.1920928955078125e-07,-0.00396025062946137,0.002226137,0.0003,0.2,365680.5537109375
147,615.9285714285714,-22109.839285714286,34816,236,17,188713.328125,0.013232421875,-1.0689362658187747,160,-1.1920928955078125e-07,-0.005125884518201928,0.003803287,0.0003,0.2,373853.26103515626
154,616.1694915254237,-22009.898305084746,36864,238,18,133626.78125,0.002490234375,-1.060082964785397,170,0.0,-0.003131054515688447,0.0037153768,0.0003,0.2,257999.67651367188
162,610.0952380952381,-21432.4126984127,38912,240,19,197859.5625,0.00712890625,-1.0661366192623973,180,5.960464477539063e-08,-0.003408876687171869,0.003524826,0.0003,0.2,370367.3438476563
169,606.4179104477612,-21034.850746268658,40960,241,20,107273.0,0.02001953125,-1.047179981134832,190,0.0,-0.006108020016108639,0.00607688,0.0003,0.2,202180.3255859375
177,602.5211267605633,-20636.11267605634,43008,242,21,121981.5546875,0.001513671875,-1.0496749175712465,200,1.1920928955078125e-07,-0.0027257643727352844,0.0037055456,0.0003,0.2,239540.6723144531
185,600.7432432432432,-20422.972972972973,45056,243,22,117782.296875,0.0,-1.0305981988087296,210,0.0,-0.0015811813485925087,0.001079463,0.0003,0.2,236592.9509765625
197,598.0769230769231,-20136.51282051282,47104,238,23,154087.734375,0.00048828125,-1.0203461278229953,220,0.0,-0.0025484991158009505,0.002973793,0.0003,0.2,305059.4953613281
208,594.0853658536586,-19735.51219512195,49152,235,24,105069.4609375,0.046484375,-1.0337952187284827,230,0.0,-0.007479993881133851,0.0072033135,0.0003,0.2,196344.16137695312
217,591.6976744186046,-19455.488372093023,51200,235,25,81643.765625,0.02919921875,-1.0247188707813621,240,0.0,-0.005668333955691196,0.0058022914,0.0003,0.2,181528.1852783203
224,586.6777777777778,-19012.244444444445,53248,236,26,123510.1953125,0.009033203125,-0.9904607316479087,250,-1.1920928955078125e-07,-0.003450307815364795,0.0026956005,0.0003,0.2,202276.33686523436
235,583.8723404255319,-18703.031914893618,55296,234,27,61597.55859375,0.01103515625,-0.9697136228904129,260,0.0,-0.004103577708883676,0.0039478093,0.0003,0.2,143248.12380371094
246,578.89898989899,-18240.989898989897,57344,232,28,69928.46875,0.0123046875,-0.9640591969713569,270,-1.1920928955078125e-07,-0.004238047116086818,0.004647546,0.0003,0.2,157920.409375
254,573.03,-17731.4,59392,233,29,78472.0,0.006005859375,-0.9268758658319711,280,5.960464477539063e-08,-0.0023159448290243747,0.004565658,0.0003,0.2,128786.0185546875
267,571.12,-17523.48,61440,229,30,59862.78515625,0.031787109375,-0.9288750370964408,290,0.0,-0.004888193981605582,0.005568982,0.0003,0.2,118134.42834472656
279,567.23,-17099.13,63488,227,31,67458.796875,0.00625,-0.9295807922258973,300,0.0,-0.002506580887711607,0.0025053504,0.0003,0.2,141972.82719726564
290,562.35,-16655.25,65536,225,32,72349.171875,0.02392578125,-0.9161467062309384,310,0.0,-0.003909029849455692,0.004855415,0.0003,0.2,132036.5570800781
321,556.07,-16049.24,67584,210,33,50933.328125,0.027099609375,-0.9207437144592404,320,0.0,-0.005144889515941031,0.00628083,0.0003,0.2,100389.96162109375
340,549.3,-15400.58,69632,204,34,50863.5234375,0.031982421875,-0.8848120171576739,330,0.0,-0.005836228677071631,0.0051720818,0.0003,0.2,123204.378125
350,542.31,-14664.17,71680,204,35,49728.13671875,0.00830078125,-0.8779490696266293,340,1.1920928955078125e-07,-0.003519344398227986,0.0033882153,0.0003,0.2,94681.43845214843
360,531.77,-13693.45,73728,204,36,51449.44921875,0.016259765625,-0.8775373704731464,350,-1.1920928955078125e-07,-0.004009511682670564,0.003893665,0.0003,0.2,103988.58889160157
372,523.17,-12872.11,75776,203,37,39208.24609375,0.02578125,-0.8529434766620397,360,0.0,-0.005330617228173651,0.005582639,0.0003,0.2,91337.12836914063
381,513.48,-11996.76,77824,204,38,31715.3046875,0.01650390625,-0.8611606486141682,370,0.0,-0.00394716688679182,0.0029847645,0.0003,0.2,77066.54426269532
389,507.94,-11511.51,79872,205,39,56881.015625,0.008251953125,-0.8285333089530468,380,1.1920928955078125e-07,-0.002902316268591676,0.0048760264,0.0003,0.2,105811.1826171875
398,500.93,-10921.32,81920,205,40,39299.76171875,0.009716796875,-0.8367218447849154,390,-1.1920928955078125e-07,-0.003148562469868921,0.002965241,0.0003,0.2,77522.81796875
409,499.2,-10684.51,83968,205,41,47920.265625,0.015625,-0.8375973762944341,400,5.960464477539063e-08,-0.0044391257586539725,0.0054838555,0.0003,0.2,87032.46711425782
421,494.81,-10272.51,86016,203,42,53089.6328125,0.004345703125,-0.859695408679545,410,1.1920928955078125e-07,-0.003174906686763279,0.002779684,0.0003,0.2,106747.38471679688
433,493.02,-10088.8,88064,203,43,50470.1015625,0.00576171875,-0.8434843530878424,420,0.0,-0.0035672524667461404,0.0032377278,0.0003,0.2,90900.93868408204
442,491.04,-9862.29,90112,203,44,50111.71484375,0.015185546875,-0.8403878185898066,430,0.0,-0.005217813837225549,0.004221713,0.0003,0.2,89619.18088378906
452,486.29,-9488.52,92160,203,45,53327.25,0.007373046875,-0.8598155150189996,440,0.0,-0.002663526265678229,0.0030305493,0.0003,0.2,97341.5901123047
461,482.06,-9189.45,94208,204,46,33886.84375,0.012109375,-0.86066983807832,450,0.0,-0.005616318386455532,0.0035640826,0.0003,0.2,74230.73764648437
471,479.77,-8974.39,96256,204,47,48245.16796875,0.025732421875,-0.8991584952920675,460,0.0,-0.004319803106773179,0.0051222006,0.0003,0.2,81681.10733642578
480,476.94,-8749.03,98304,204,48,51636.859375,0.04482421875,-0.8494182355701924,470,0.0,-0.0077422090180334635,0.006332563,0.0003,0.2,90613.57849121094
491,474.19,-8572.44,100352,204,49,39591.734375,0.03818359375,-0.8553937587887048,480,0.0,-0.004609226642060094,0.005142994,0.0003,0.2,66931.7835571289
501,471.59,-8414.76,102400,204,50,48831.2734375,0.0234375,-0.852133853174746,490,2.384185791015625e-07,-0.00529791229928378,0.003746516,0.0003,0.2,79119.38648681641
511,471.36,-8377.9,104448,204,51,43379.6015625,0.030712890625,-0.8412486201152205,500,5.960464477539063e-08,-0.004327762485627318,0.0046420745,0.0003,0.2,83178.29926757813
521,470.42,-8305.21,106496,204,52,50954.515625,0.019384765625,-0.832117954082787,510,0.0,-0.005563268373953179,0.0053248117,0.0003,0.2,106968.78371582032
530,470.08,-8238.42,108544,204,53,34971.703125,0.002490234375,-0.8233582317829132,520,0.0,-0.00204944004653953,0.0023170887,0.0003,0.2,69316.60620117188
539,468.61,-8131.69,110592,204,54,37542.20703125,0.001123046875,-0.8060679048299789,530,1.1920928955078125e-07,-0.0018392113503068685,0.0016847872,0.0003,0.2,89064.24763183594
549,467.39,-8051.86,112640,204,55,47272.44921875,0.01171875,-0.785640912130475,540,1.1920928955078125e-07,-0.0038634267053566872,0.0027337377,0.0003,0.2,78593.25158691406
559,466.28,-7953.76,114688,204,56,31756.021484375,0.01259765625,-0.7704901212826372,550,5.960464477539063e-08,-0.0034900167971500195,0.0022150963,0.0003,0.2,54546.50057373047
569,466.46,-7924.49,116736,204,57,40677.81640625,0.0171875,-0.8106396051123739,560,1.1920928955078125e-07,-0.003637319186236709,0.0025049243,0.0003,0.2,78017.91072998047
579,467.39,-7924.0,118784,205,58,33460.13671875,0.012353515625,-0.7850934930145741,570,5.960464477539063e-08,-0.0033414760982850567,0.0030783056,0.0003,0.2,63926.63364257813
588,467.68,-7896.51,120832,205,59,39445.375,0.003271484375,-0.7817527091130614,580,0.0,-0.0033517052375827915,0.0016223027,0.0003,0.2,81655.55283203124
599,468.13,-7899.06,122880,204,60,26783.1796875,0.018896484375,-0.7669797308743,590,5.960464477539063e-08,-0.006575057296140585,0.0033977483,0.0003,0.2,72541.31843261719
618,468.22,-7871.45,124928,202,61,35812.63671875,0.017529296875,-0.7931564735248685,600,1.1920928955078125e-07,-0.005442091113945935,0.0038354532,0.0003,0.2,66753.62387695312
635,468.08,-7857.79,126976,199,62,39802.71484375,0.010595703125,-0.778800075687468,610,1.1920928955078125e-07,-0.0036028022048412824,0.0029564654,0.0003,0.2,70514.80701904297
644,469.95,-7919.13,129024,200,63,43237.03125,0.0171875,-0.7727416014298797,620,0.0,-0.004415369057096541,0.003532368,0.0003,0.2,79982.25670166015
653,469.12,-7836.59,131072,200,64,32777.31640625,0.034375,-0.7507002502679825,630,1.1920928955078125e-07,-0.004617643025267171,0.004634844,0.0003,0.2,71590.8588256836
663,466.77,-7754.51,133120,200,65,30752.626953125,0.017138671875,-0.7630699094384908,640,1.7881393432617188e-07,-0.004652273157262243,0.002828362,0.0003,0.2,55226.24556274414
673,464.02,-7617.1,135168,200,66,32698.62890625,0.0208984375,-0.7526277620345354,650,4.172325134277344e-07,-0.005510302794573363,0.0029117446,0.0003,0.2,57238.202734375
682,464.71,-7625.45,137216,200,67,33658.76171875,0.017578125,-0.7488820167258382,660,0.0008252859115600586,-0.004702848722808994,0.002177645,0.0003,0.2,57140.55959472656
692,464.99,-7598.75,139264,201,68,39398.84765625,0.028662109375,-0.7317389588803053,670,0.1309734582901001,-0.006137475345167331,0.0048021493,0.0003,0.2,60577.816796875
704,464.49,-7544.18,141312,200,69,23590.306640625,0.010498046875,-0.7123137505725026,680,0.14823472499847412,-0.004220638144761324,0.003767188,0.0003,0.2,56270.17108154297
714,463.48,-7481.68,143360,200,70,25457.658203125,0.01455078125,-0.6933096908032894,690,0.23270225524902344,-0.003715640048903879,0.003922409,0.0003,0.2,52618.593762207034
729,464.98,-7508.14,145408,199,71,24068.265625,0.016064453125,-0.6677460632286966,700,0.2479751706123352,-0.004202045493002515,0.0044127256,0.0003,0.2,51511.746154785156
739,466.98,-7533.17,147456,199,72,34764.78125,0.00537109375,-0.6826042069122196,710,0.27310967445373535,-0.003696706547634676,0.002081359,0.0003,0.2,69746.55047607422
749,467.1,-7497.27,149504,199,73,30049.130859375,0.00654296875,-0.6723051920533181,720,0.23367393016815186,-0.0037170321294979656,0.0030653353,0.0003,0.2,57501.90080566406
761,465.58,-7390.64,151552,198,74,27005.7578125,0.006396484375,-0.6829055755399167,730,0.2517358064651489,-0.003389562993834261,0.0025876276,0.0003,0.2,57331.406958007814
773,465.36,-7367.1,153600,198,75,28530.40625,0.0099609375,-0.6679017612710595,740,0.3083319067955017,-0.00302424894325668,0.0027930688,0.0003,0.2,55599.52645263672
783,465.4,-7344.33,155648,198,76,23397.775390625,0.018017578125,-0.6837942815385759,750,0.2653167247772217,-0.0036650448688305914,0.0035580222,0.0003,0.2,53271.55454101563
793,464.73,-7301.39,157696,198,77,29543.607421875,0.015966796875,-0.7217312524095177,760,0.24315255880355835,-0.003762499824370025,0.0024289454,0.0003,0.2,65302.48676757813
806,465.95,-7327.6,159744,198,78,31231.515625,0.029736328125,-0.7050980519503355,770,0.28841066360473633,-0.005210946872830391,0.0036976216,0.0003,0.2,52754.984594726564
830,465.61,-7306.86,161792,194,79,28950.873046875,0.008203125,-0.7001513841561973,780,0.27618885040283203,-0.0036321880586910995,0.0023372904,0.0003,0.2,53662.45021972656
845,465.25,-7281.24,163840,193,80,17917.046875,0.01943359375,-0.7194017764180899,790,0.30801504850387573,-0.0038151057713548655,0.004463904,0.0003,0.2,58844.20816650391
861,463.19,-7214.07,165888,192,81,28167.408203125,0.028173828125,-0.7297091985121369,800,0.25689345598220825,-0.0053879939056059815,0.0045813434,0.0003,0.2,52681.55600585938
873,462.56,-7187.33,167936,192,82,27817.91796875,0.02392578125,-0.6631407443434,810,0.32568997144699097,-0.004511804426147137,0.0045291698,0.0003,0.2,51581.16373291016
884,460.97,-7123.06,169984,192,83,31085.662109375,0.0150390625,-0.6642835208214819,820,0.2897355556488037,-0.005191763266338967,0.002674866,0.0003,0.2,51144.10952758789
897,460.44,-7090.3,172032,191,84,26125.154296875,0.0078125,-0.6403542096726597,830,0.3103902339935303,-0.0030231519689550624,0.0025251592,0.0003,0.2,49543.022650146486
909,458.62,-7024.12,174080,191,85,33150.98828125,0.01669921875,-0.626271229609847,840,0.2992032766342163,-0.0053245250470354225,0.0033563983,0.0003,0.2,57442.85850830078
919,456.09,-6965.61,176128,191,86,23067.591796875,0.00478515625,-0.6065552486106753,850,0.3307799696922302,-0.0024804738000966608,0.0023610513,0.0003,0.2,49316.21587524414
930,456.09,-6959.8,178176,191,87,26965.33984375,0.00791015625,-0.556176720187068,860,0.3188881278038025,-0.001954725659743417,0.0025997949,0.0003,0.2,54548.73916015625
939,455.9,-6951.49,180224,191,88,22178.884765625,0.008837890625,-0.5302698021754623,870,0.33841586112976074,-0.00357046860808623,0.0024116817,0.0003,0.2,53732.56990966797
952,452.98,-6862.82,182272,191,89,23383.025390625,0.0169921875,-0.5617984081618488,880,0.35084283351898193,-0.0027741506113670767,0.0034905626,0.0003,0.2,47782.28348999024
964,448.84,-6771.37,184320,191,90,18983.17578125,0.006201171875,-0.5570462088100612,890,0.3452618718147278,-0.0027026949508581312,0.001648874,0.0003,0.2,40415.60837402344
981,446.89,-6745.62,186368,189,91,20077.533203125,0.004052734375,-0.5515234063379466,900,0.3951385021209717,-0.0017676051968010143,0.0013876079,0.0003,0.2,45683.86849975586
999,441.03,-6594.77,188416,188,92,22915.310546875,0.004052734375,-0.5358364303596318,910,0.3390050530433655,-0.0022799687561928295,0.0020630276,0.0003,0.2,45949.232025146484
1013,434.43,-6419.26,190464,187,93,10057.466796875,0.017919921875,-0.5163899238221348,920,0.4308841824531555,-0.00432645550754387,0.0024500047,0.0003,0.2,25793.398663330077
1028,428.42,-6259.91,192512,187,94,20505.6953125,0.002099609375,-0.49459529109299183,930,0.3472992777824402,-0.0020587207523931283,0.001006565,0.0003,0.2,35094.07139892578
1047,424.22,-6166.12,194560,185,95,15464.501953125,0.016259765625,-0.46135196117684246,940,0.36667364835739136,-0.00285465666820528,0.0026820765,0.0003,0.2,36239.66545410156
1059,416.87,-5964.98,196608,185,96,16838.673828125,0.00087890625,-0.450957144331187,950,0.4019504189491272,-0.0011535162360814867,0.000853367,0.0003,0.2,31403.092877197265
1074,410.07,-5807.81,198656,184,97,21623.251953125,0.024072265625,-0.43996107671409845,960,0.38919955492019653,-0.0031033220948302187,0.0020853907,0.0003,0.2,33303.76937866211
1090,402.39,-5626.52,200704,184,98,11448.798828125,0.00498046875,-0.41750706676393745,970,0.4208149313926697,-0.001415190838451963,0.0009951007,0.0003,0.2,31572.605310058592
1110,394.05,-5417.69,202752,182,99,13608.3544921875,0.030126953125,-0.3932650006376207,980,0.3772193193435669,-0.003983379850251367,0.0024016323,0.0003,0.2,25548.986596679686
1128,387.5,-5239.11,204800,181,100,13186.615234375,0.021728515625,-0.389865892380476,990,0.38189786672592163,-0.0028940264659468085,0.0023840766,0.0003,0.2,29633.33638305664
1142,378.63,-5007.45,206848,181,101,13147.40234375,0.001904296875,-0.38960383804515003,1000,0.3864033818244934,-0.0006692393078992609,0.00073979027,0.0003,0.2,24395.756552124025
1155,372.51,-4852.27,208896,180,102,10639.7783203125,0.01318359375,-0.3784715505782515,1010,0.3918963670730591,-0.0018366500997217372,0.0021737078,0.0003,0.2,23817.379919433595
1184,365.62,-4674.29,210944,178,103,8501.09765625,0.01943359375,-0.37618651930242775,1020,0.37581461668014526,-0.0013096801107167267,0.0013869635,0.0003,0.2,28201.871911621092
1204,360.48,-4527.65,212992,176,104,8989.3486328125,0.016455078125,-0.3593426159117371,1030,0.4086494445800781,-0.002475399573449977,0.002576055,0.0003,0.2,22477.064538574217
1221,354.61,-4376.74,215040,176,105,13087.35546875,0.004638671875,-0.3706183634698391,1040,0.40782856941223145,-0.0017261243119719438,0.0007681359,0.0003,0.2,26849.784033203126
1235,347.69,-4214.6,217088,175,106,10655.712890625,0.005859375,-0.3650435965042561,1050,0.4086899757385254,-0.0016757206751208287,0.0012110057,0.0003,0.2,25390.746475219727
1250,341.94,-4072.16,219136,175,107,11338.5517578125,0.0052734375,-0.3555580584798008,1060,0.42374932765960693,-0.001573607929458376,0.0012350902,0.0003,0.2,24478.621151733398
1264,337.32,-3956.76,221184,174,108,14133.5126953125,0.0142578125,-0.34469090336933733,1070,0.4703443646430969,-0.0015122765922569669,0.0015606134,0.0003,0.2,20552.27233276367
1279,334.7,-3920.85,223232,174,109,18245.814453125,0.01513671875,-0.3181529758498073,1080,0.3603266477584839,-0.00274383194046095,0.0012671165,0.0003,0.2,27353.26287536621
1302,327.01,-3737.29,225280,173,110,9806.4189453125,0.018505859375,-0.3093638835474849,1090,0.4618540406227112,-0.0023222347823320887,0.0021572658,0.0003,0.2,19251.376718139647
1317,321.08,-3606.48,227328,172,111,11641.638671875,0.01474609375,-0.2904985373374075,1100,0.4473326802253723,-0.0022825580075732433,0.0018102725,0.0003,0.2,17681.387426757814
1331,316.44,-3510.21,229376,172,112,5519.826171875,0.008349609375,-0.2816422867588699,1110,0.4631316661834717,-0.0015998041635612026,0.0010360818,0.0003,0.2,17323.03834686279
1352,310.06,-3352.16,231424,171,113,13231.6552734375,0.008349609375,-0.2757947980426252,1120,0.43880510330200195,-0.0022582828212762253,0.0013573827,0.0003,0.2,18132.119387817384
1371,305.63,-3257.14,233472,170,114,12699.3408203125,0.0150390625,-0.271306671993807,1130,0.38113367557525635,-0.0026249599759466946,0.0023212908,0.0003,0.2,19327.73871459961
1385,299.83,-3150.42,235520,170,115,9490.783203125,0.004443359375,-0.2731500702910125,1140,0.4071651101112366,-0.00185802962660091,0.0016907679,0.0003,0.2,20320.70118408203
1399,291.93,-2983.57,237568,169,116,9898.744140625,0.005419921875,-0.25960030909627674,1150,0.4199332594871521,-0.002798748531131423,0.0012244952,0.0003,0.2,17195.393197631834
1415,286.58,-2873.13,239616,169,117,2675.806396484375,0.006591796875,-0.28092035921290515,1160,0.41258537769317627,-0.0012486301406170242,0.0010877781,0.0003,0.2,15641.38131942749
1431,278.68,-2699.04,241664,168,118,10169.5087890625,0.00693359375,-0.2780888206791133,1170,0.403270959854126,-0.0011129003505629953,0.0009545298,0.0003,0.2,17079.44292449951
1446,271.74,-2540.67,243712,168,119,15176.193359375,0.004736328125,-0.2745104135945439,1180,0.3797811269760132,-0.001496570745803183,0.0006960742,0.0003,0.2,19317.627114868163
1464,265.99,-2417.45,245760,167,120,4464.93896484375,0.025537109375,-0.26838966985233126,1190,0.3844835162162781,-0.002866403375810478,0.0016442207,0.0003,0.2,17554.446185302735
1480,260.0,-2285.03,247808,167,121,3427.404052734375,0.03056640625,-0.2604298620019108,1200,0.42071932554244995,-0.002385313139529899,0.001234713,0.0003,0.2,15889.202807617188
1495,255.59,-2192.61,249856,167,122,12240.154296875,0.00966796875,-0.2639931801240891,1210,0.3501853346824646,-0.0023791368315869478,0.0015282538,0.0003,0.2,20610.545704650878
1511,251.06,-2095.06,251904,166,123,5766.44873046875,0.01708984375,-0.23514766478911042,1220,0.3734700083732605,-0.002157180439098738,0.00178636,0.0003,0.2,17819.419887542725
1527,245.3,-1982.79,253952,166,124,12640.1474609375,0.006982421875,-0.21806343607604503,1230,0.3717392683029175,-0.0013649054773850367,0.0010359368,0.0003,0.2,17053.050639343262
1544,240.69,-1900.47,256000,165,125,4110.869140625,0.00400390625,-0.22123382382560522,1240,0.3122917413711548,-0.0009671918873209506,0.0006114305,0.0003,0.2,19503.98225402832
1566,236.73,-1824.0,258048,164,126,6549.23974609375,0.019677734375,-0.2282835826743394,1250,0.3593822121620178,-0.0012691324816842097,0.0032434692,0.0003,0.2,17026.100034713745
1586,235.53,-1800.29,260096,163,127,7521.2001953125,0.002978515625,-0.23377257250249386,1260,0.37403011322021484,-0.0008317140705912607,0.0006779996,0.0003,0.2,15655.208120727539
1608,232.25,-1743.64,262144,162,128,12138.4072265625,0.017724609375,-0.22782467673532664,1270,0.35360103845596313,-0.001752234311425127,0.0019461946,0.0003,0.2,17860.07286224365
1630,230.01,-1709.83,264192,161,129,8424.6611328125,0.012744140625,-0.23201491003856062,1280,0.33550941944122314,-0.0023727437623165316,0.001404072,0.0003,0.2,18197.666891479494
1649,227.88,-1669.99,266240,161,130,9779.201171875,0.01103515625,-0.23143782429397106,1290,0.3137378692626953,-0.0016612835504929535,0.0010006893,0.0003,0.2,19757.266916656496
1668,224.47,-1605.81,268288,160,131,6080.73193359375,0.0056640625,-0.2189381041098386,1300,0.3179529905319214,-0.0006263487921387423,0.00071905914,0.0003,0.2,17892.56260948181
1700,222.12,-1566.33,270336,158,132,8909.822265625,0.01123046875,-0.22695331843569874,1310,0.27485448122024536,-0.0012624613955267705,0.0011924282,0.0003,0.2,20379.180867385865
1721,220.3,-1541.34,272384,158,133,9149.7451171875,0.003076171875,-0.23009301498532295,1320,0.31600773334503174,-0.0010968856062390842,0.0005168809,0.0003,0.2,17795.1799118042
1739,219.93,-1535.17,274432,157,134,15307.0751953125,0.0126953125,-0.233304630080238,1330,0.3252285122871399,-0.0016491020629473495,0.0013177972,0.0003,0.2,16711.22420730591
1760,219.67,-1528.94,276480,157,135,3234.57373046875,0.025439453125,-0.2187499545281753,1340,0.33020442724227905,-0.0038726111495634543,0.0012806595,0.0003,0.2,17685.293939208983
1781,219.15,-1518.0,278528,156,136,7460.17041015625,0.011181640625,-0.24309185841120778,1350,0.3101798892021179,-0.00111455380138068,0.0009322355,0.0003,0.2,18175.108780670165
1803,218.97,-1511.95,280576,155,137,7724.4384765625,0.00087890625,-0.22380380367394537,1360,0.2930073142051697,-0.0009393880958668887,0.00054932386,0.0003,0.2,20221.40186691284
1827,217.47,-1482.18,282624,154,138,12156.8154296875,0.005810546875,-0.22147834985516965,1370,0.301011323928833,-0.0007212306776636978,0.0009931021,0.0003,0.2,18308.21430206299
1845,217.23,-1481.06,284672,154,139,11058.8291015625,0.001123046875,-0.22395636334549635,1380,0.291559100151062,-0.0009800333325983956,0.00042215185,0.0003,0.2,18665.479737854002
1869,215.92,-1457.48,286720,153,140,6963.7509765625,0.0060546875,-0.20773422587662935,1390,0.37115925550460815,-0.0016554815039853566,0.0014989905,0.0003,0.2,14365.16483001709
1890,215.39,-1452.28,288768,152,141,4257.9853515625,0.000732421875,-0.20089392703957856,1400,0.46936357021331787,-0.0004000456334324554,0.00082199223,0.0003,0.2,10294.540099716187
1908,215.39,-1449.41,290816,152,142,3114.978515625,0.0005859375,-0.19301995986606926,1410,0.7222574353218079,-0.000591056831581227,0.00053258764,0.0003,0.2,6762.816321182251
1934,214.31,-1424.15,292864,151,143,868.0439453125,0.0,-0.1805536867585033,1420,0.7971411943435669,-0.0001480305814766325,0.000101031015,0.0003,0.2,4247.188518333435
1959,213.31,-1406.27,294912,150,144,1434.7396240234375,4.8828125e-05,-0.18189556011930108,1430,0.8693000078201294,-0.0004350399125542026,0.00026785006,0.0003,0.2,3335.5505361557007
1996,211.83,-1376.0,296960,148,145,575.684326171875,0.000390625,-0.18114763826597483,1440,0.8779922723770142,-0.0006450874920119531,0.00035425724,0.0003,0.2,2744.1718620300294
2025,211.54,-1372.3,299008,147,146,463.6570739746094,0.0,-0.1850824105553329,1450,0.9122191071510315,-0.000594773018383421,0.00018255174,0.0003,0.2,2207.899026107788
2050,211.2,-1370.4,301056,146,147,787.328369140625,0.006884765625,-0.17648290602955968,1460,0.926063060760498,-0.0010022074064181651,0.001285539,0.0003,0.2,1879.7886883735657
2083,211.09,-1368.73,303104,145,148,1026.7591552734375,0.000244140625,-0.16930178017355502,1470,0.9355311393737793,-0.0005382458497479092,0.0005711176,0.0003,0.2,1698.9520498275756
2128,210.18,-1352.29,305152,143,149,316.0453796386719,0.004443359375,-0.1692504271864891,1480,0.9388394951820374,-0.0002687788102775812,0.000735042,0.0003,0.2,1544.0552498817444
2154,210.37,-1355.91,307200,142,150,1044.110107421875,0.00234375,-0.1700289672706276,1490,0.9321449995040894,-0.0005354223547328729,0.0009550783,0.0003,0.2,1917.0882118225097
2204,210.43,-1354.94,309248,140,151,860.6080322265625,0.0,-0.154164242814295,1500,0.9411587715148926,-0.00018015595342149026,0.00020560331,0.0003,0.2,1398.8431914329528
2227,210.1,-1351.06,311296,139,152,453.896484375,9.765625e-05,-0.1496308161644265,1510,0.9449960589408875,-0.0004793822277861182,0.00027537055,0.0003,0.2,1403.5742455482482
2247,210.67,-1358.09,313344,139,153,391.14202880859375,0.00166015625,-0.13643324067816137,1520,0.9519698023796082,-0.000431511492934078,0.00037509177,0.0003,0.2,1204.890161895752
2269,211.48,-1368.73,315392,138,154,260.6868591308594,4.8828125e-05,-0.13585209036245943,1530,0.9592333436012268,-0.00033471261995146053,0.0002149991,0.0003,0.2,1002.9940194129944
2295,211.71,-1374.57,317440,138,155,643.9088745117188,0.006005859375,-0.13379354563076049,1540,0.9511813521385193,-0.0011419035403378076,0.000639942,0.0003,0.2,1289.3283332824708
2349,211.39,-1366.89,319488,135,156,347.7981872558594,0.0,-0.13814317353535444,1550,0.9526206851005554,-0.00010606744835968129,4.8003458e-05,0.0003,0.2,1170.5397336006165
2378,210.28,-1345.7,321536,135,157,178.61972045898438,0.00087890625,-0.12804136120248585,1560,0.9677782654762268,-0.0003396244181203656,0.0002483666,0.0003,0.2,842.651007938385
2401,210.23,-1344.25,323584,134,158,397.08721923828125,0.00205078125,-0.1326815532054752,1570,0.9646612405776978,-0.00028880056634079666,0.000341165,0.0003,0.2,808.5611281871795
2440,210.09,-1341.77,325632,133,159,779.3602905273438,0.003466796875,-0.14063752016518266,1580,0.9635509252548218,-0.000367508307681419,0.00042330264,0.0003,0.2,1001.417518043518
2467,209.56,-1332.6,327680,132,160,378.5804443359375,0.0,-0.14150642803870142,1590,0.9560182094573975,-0.00011322663922328502,2.729062e-05,0.0003,0.2,999.5894252300262
2496,209.13,-1321.74,329728,132,161,735.686767578125,0.0,-0.14210108111146838,1600,0.9631991386413574,-0.00010994226540788077,2.2903303e-05,0.0003,0.2,913.4788188934326
2520,208.73,-1314.26,331776,131,162,700.8963012695312,0.00517578125,-0.13256544708274304,1610,0.9615376591682434,-0.0011181268586369698,0.00061746576,0.0003,0.2,862.121144914627
2544,208.64,-1315.42,333824,131,163,316.29693603515625,0.0,-0.13375910562463106,1620,0.9596788883209229,-0.00026805909656104634,0.0002359718,0.0003,0.2,915.6755016326904
2567,207.65,-1299.85,335872,130,164,263.84014892578125,0.0,-0.13190061645582318,1630,0.961597740650177,-0.00019568615425669122,0.00012660403,0.0003,0.2,855.3466976165771
2601,206.53,-1283.82,337920,129,165,221.78749084472656,0.003125,-0.13399157631210984,1640,0.9638254642486572,-0.0004333498261985369,0.00043168705,0.0003,0.2,822.5540977954864
2627,205.95,-1275.58,339968,129,166,493.15545654296875,0.0041015625,-0.13088405693415553,1650,0.9586240649223328,-0.0011102046621090267,0.00084459566,0.0003,0.2,851.7804302215576
2650,206.19,-1281.22,342016,129,167,328.3374938964844,0.0021484375,-0.13651759745553135,1660,0.9726736545562744,-0.0004584691509080585,0.00036140112,0.0003,0.2,733.564365530014
2672,206.43,-1286.09,344064,128,168,137.21058654785156,0.0,-0.1347337811253965,1670,0.9694093465805054,-8.033401209104341e-05,8.707389e-06,0.0003,0.2,691.6921785354614
2695,206.24,-1281.44,346112,128,169,275.8574523925781,0.0,-0.13137436162214727,1680,0.969483494758606,-0.0003453623547102325,0.00011007237,0.0003,0.2,722.0379289627075
2719,206.38,-1285.73,348160,128,170,346.6103820800781,0.0,-0.12720608843956144,1690,0.9669891595840454,-0.00019979339267592878,6.796312e-05,0.0003,0.2,765.7224437713624
2744,206.36,-1289.99,350208,127,171,205.27749633789062,0.005615234375,-0.12190609460230917,1700,0.9649519920349121,-0.0010053720012365374,0.00074844883,0.0003,0.2,758.2287678718567
2765,206.15,-1284.86,352256,127,172,532.1008911132812,0.0,-0.11831586412154138,1710,0.9403637647628784,-0.00012418601618264803,9.101953e-05,0.0003,0.2,1285.7756588935852
2790,205.56,-1276.39,354304,126,173,163.66404724121094,0.00283203125,-0.11740363466087729,1720,0.971783459186554,-0.0008239132846938446,0.0006489391,0.0003,0.2,600.4453078746795
2817,205.36,-1272.26,356352,126,174,254.5473175048828,0.0,-0.10802702789660543,1730,0.9707201719284058,-0.000253972318751039,0.000117795906,0.0003,0.2,738.5300408840179
2844,206.24,-1285.4,358400,125,175,205.59274291992188,0.0,-0.1071255807299167,1740,0.9648711085319519,-3.81765428755898e-05,7.0015262e-06,0.0003,0.2,749.5122481346131
2870,206.39,-1288.83,360448,125,176,148.6383819580078,0.0,-0.1071842655306682,1750,0.9751256108283997,-5.866942374268547e-05,9.668802e-06,0.0003,0.2,547.7208145141601
2896,206.69,-1294.2,362496,125,177,223.1617431640625,0.0,-0.10793855939991773,1760,0.9748139381408691,-0.0002120001496223267,2.900685e-05,0.0003,0.2,592.8265083312988
2926,206.32,-1285.76,364544,124,178,192.04290771484375,0.0,-0.10500758502166718,1770,0.9682024717330933,-0.00016721308493288233,3.320534e-05,0.0003,0.2,796.1950966835022
2975,206.34,-1288.74,366592,123,179,134.42442321777344,0.0,-0.10338916704058647,1780,0.97820645570755,-0.00026473591424291953,6.5027096e-05,0.0003,0.2,481.31215381622314
3021,206.64,-1292.52,368640,122,180,474.259521484375,0.0,-0.10300387777388095,1790,0.9632301926612854,-1.6487685206811876e-05,1.6037584e-06,0.0003,0.2,867.3554678916931
3066,206.65,-1288.7,370688,120,181,348.9909973144531,0.0,-0.10067948421929032,1800,0.970521092414856,-0.00017279038365813904,5.0217568e-05,0.0003,0.2,725.2852638244628
3125,206.77,-1296.34,372736,119,182,279.3865966796875,0.0,-0.09980416793841869,1810,0.979626476764679,-0.0001424441783456132,1.9159932e-05,0.0003,0.2,530.5950605869293
3160,206.34,-1293.71,374784,118,183,347.2177429199219,0.0,-0.10009610258275643,1820,0.9635807275772095,-0.0002503060080925934,3.0504581e-05,0.0003,0.2,752.9396565437316
3192,206.77,-1300.03,376832,118,184,316.40460205078125,0.0,-0.09490631109802053,1830,0.9730262160301208,-0.0002672319853445515,2.899162e-05,0.0003,0.2,662.6788152694702
3223,206.14,-1292.03,378880,117,185,221.84326171875,0.0,-0.09887237001676112,1840,0.9711490869522095,-0.00025054010329768063,7.155574e-05,0.0003,0.2,599.3474467754364
3250,206.64,-1299.43,380928,117,186,214.73899841308594,0.0,-0.09588278095470741,1850,0.961027204990387,-0.0003672548511531204,9.2494614e-05,0.0003,0.2,906.1609172821045
3277,205.65,-1281.89,382976,116,187,251.94375610351562,0.0,-0.09736663276562467,1860,0.957415759563446,-7.101991104718763e-05,2.1445936e-05,0.0003,0.2,759.4394447326661
3311,205.48,-1282.2,385024,116,188,289.4208068847656,0.0,-0.09330183059209958,1870,0.9685076475143433,-0.00026350636690040117,5.389162e-05,0.0003,0.2,646.8696146011353
3347,204.63,-1267.49,387072,115,189,186.06982421875,0.0,-0.0944051573285833,1880,0.971587598323822,-7.834639509383124e-05,2.531813e-05,0.0003,0.2,684.9728820323944
3377,204.26,-1261.14,389120,115,190,231.93661499023438,0.0,-0.0886425924487412,1890,0.9741406440734863,-0.0003065592834900599,3.2243493e-05,0.0003,0.2,660.6093621730804
3406,203.87,-1255.43,391168,114,191,233.2096405029297,0.0,-0.09071903285803273,1900,0.9734750390052795,-0.00010400326536910142,1.3846633e-05,0.0003,0.2,526.206856060028
3437,204.34,-1261.55,393216,114,192,300.6483459472656,0.0,-0.09436422678409144,1910,0.9636021256446838,-0.0002830116714903852,3.7575173e-05,0.0003,0.2,704.8063579082489
3465,204.92,-1268.16,395264,114,193,195.83505249023438,0.0,-0.09267620566533878,1920,0.9781266450881958,-0.0002582494569651317,4.3187334e-05,0.0003,0.2,509.05567388534547
3498,204.58,-1263.9,397312,113,194,226.80526733398438,0.0,-0.09340612513478845,1930,0.9764995574951172,-6.60761033941526e-05,8.349512e-06,0.0003,0.2,458.60470018386843
3528,204.02,-1253.19,399360,113,195,417.24957275390625,0.0,-0.09102984839119017,1940,0.9699060320854187,-0.00016614961677987594,1.8152226e-05,0.0003,0.2,751.3380656242371
3559,203.96,-1254.76,401408,112,196,178.1217041015625,0.0,-0.09388864687643945,1950,0.9814010858535767,-9.607433748897165e-05,2.3759249e-05,0.0003,0.2,421.06216101646424
3589,203.84,-1252.99,403456,112,197,203.60870361328125,0.0,-0.09814049854176118,1960,0.9717926383018494,-5.9432340640341864e-05,1.6088747e-05,0.0003,0.2,653.5731100082397
3622,203.84,-1255.29,405504,111,198,176.88058471679688,0.0,-0.09523543834220619,1970,0.9789486527442932,-0.00010878724824578967,2.1667292e-05,0.0003,0.2,520.6696679592133
3654,204.32,-1265.03,407552,111,199,364.34149169921875,0.0,-0.09567449341993779,1980,0.9708095788955688,-0.00012044739050907083,1.7432321e-05,0.0003,0.2,659.5419014930725
3686,204.35,-1266.52,409600,111,200,138.44952392578125,0.0,-0.09675471681402996,1990,0.9677783250808716,-6.897166094859131e-05,5.932145e-06,0.0003,0.2,807.3821504592895
3718,203.69,-1255.67,411648,110,201,210.14999389648438,0.0,-0.09402823213022202,2000,0.9689447283744812,-8.559666748624295e-05,1.1322744e-05,0.0003,0.2,619.3910937786102
3749,203.61,-1254.42,413696,110,202,131.46441650390625,0.0,-0.09367758178850635,2010,0.9727058410644531,-0.00038702760393789505,9.297091e-05,0.0003,0.2,566.8311514377594
3773,203.95,-1261.23,415744,110,203,189.45091247558594,0.0,-0.09150246609933674,2020,0.9759389162063599,-3.1132972799241544e-05,4.566139e-06,0.0003,0.2,581.1552533149719
3796,204.07,-1265.26,417792,110,204,450.6177978515625,0.0,-0.09654632200254128,2030,0.964226245880127,-0.00014660106462542898,1.6934271e-05,0.0003,0.2,756.6274824142456
3820,204.43,-1272.81,419840,109,205,242.55528259277344,0.0,-0.09087565267691389,2040,0.9604291319847107,-0.00039659130488871596,6.139701e-05,0.0003,0.2,857.6481127738953
3844,203.9,-1265.17,421888,109,206,317.2110900878906,0.0,-0.09415522244526073,2050,0.9735962748527527,-2.737689355853945e-05,1.9929507e-06,0.0003,0.2,664.8318522453308
3868,203.75,-1263.15,423936,109,207,101.00337982177734,0.0,-0.09367419257760048,2060,0.9781844615936279,-0.0006690499438263941,0.00015831209,0.0003,0.2,526.6585470199585
3891,204.46,-1274.72,425984,109,208,240.08741760253906,0.0,-0.09253035222645849,2070,0.9717373847961426,-8.792118896963074e-05,8.668577e-06,0.0003,0.2,567.6778151035309
3915,204.53,-1274.6,428032,109,209,179.75794982910156,0.0,-0.09474129669833928,2080,0.9721779227256775,-0.0001248454394954024,1.601649e-05,0.0003,0.2,751.8615104675293
3939,204.95,-1282.2,430080,109,210,176.8111114501953,0.0,-0.08938073980389163,2090,0.9775124788284302,-0.00030722625378984956,8.559272e-05,0.0003,0.2,569.3131191253663
3964,205.14,-1285.48,432128,109,211,484.50079345703125,0.0,-0.09035011691739783,2100,0.9666533470153809,-0.00015159526374191045,2.0466185e-05,0.0003,0.2,771.3582830905914
3989,205.0,-1288.21,434176,108,212,287.37298583984375,0.0,-0.08864724185550585,2110,0.9709873795509338,-0.00011275296019448433,2.104891e-05,0.0003,0.2,656.2752608299255
4013,205.01,-1287.15,436224,108,213,365.515625,0.0,-0.08937611200381071,2120,0.9723455309867859,-8.184966827684548e-05,6.856822e-06,0.0003,0.2,703.7813426494598
4037,205.27,-1291.55,438272,108,214,123.62943267822266,0.0,-0.08882619771175086,2130,0.9701477885246277,-9.760672328411602e-05,2.2298625e-05,0.0003,0.2,696.5826280593872
4064,205.65,-1297.99,440320,108,215,234.8714599609375,0.0,-0.09221793124452234,2140,0.978173017501831,-2.1688917331630365e-05,4.952656e-06,0.0003,0.2,586.4580466747284
4114,205.66,-1298.47,442368,107,216,448.5970764160156,0.0,-0.09244029761757702,2150,0.9673796892166138,-0.00027153835835633797,6.156713e-05,0.0003,0.2,693.7690814018249
4172,206.93,-1320.81,444416,106,217,324.07611083984375,0.0,-0.0909265389898792,2160,0.9667367339134216,-9.210695643560029e-05,9.3090375e-06,0.0003,0.2,705.5843421936036
4225,207.03,-1322.47,446464,105,218,256.6950988769531,0.0,-0.08925167440902441,2170,0.9653431177139282,-0.0002567577575973701,4.514995e-05,0.0003,0.2,729.0771200180054
4264,207.06,-1324.22,448512,105,219,263.4867858886719,0.0,-0.09161202671239152,2180,0.9641978144645691,-0.0003175924197421409,6.418253e-05,0.0003,0.2,947.1993353843689
4296,206.62,-1315.34,450560,104,220,287.1536560058594,0.0,-0.09290228207828477,2190,0.9706520438194275,-0.00016298095615638886,1.11995305e-05,0.0003,0.2,653.828441619873
4319,206.77,-1322.82,452608,104,221,300.2269287109375,0.0,-0.08871093472698703,2200,0.9743240475654602,-0.0005549013090785593,0.000142698,0.0003,0.2,560.6239132404328
4346,207.43,-1331.89,454656,104,222,176.17791748046875,0.0,-0.09637242923490703,2210,0.963718593120575,-0.0010540077062614727,0.00019974087,0.0003,0.2,826.8783339500427
4370,206.5,-1316.6,456704,104,223,387.63275146484375,0.0,-0.09638191715348512,2220,0.9658551216125488,-0.00020386003016028553,4.9354698e-05,0.0003,0.2,779.6641788482666
4395,206.21,-1311.92,458752,104,224,395.9010009765625,0.0,-0.09517890966963023,2230,0.973366379737854,-9.066249913303181e-06,9.3031986e-07,0.0003,0.2,627.1052424907684
4419,206.21,-1312.87,460800,104,225,525.51025390625,0.0,-0.09868234567111359,2240,0.9518452882766724,-0.00037772912401123904,9.137964e-05,0.0003,0.2,800.2921644687652
4443,206.1,-1310.6,462848,104,226,361.4260559082031,0.0,-0.1017152427113615,2250,0.9585791826248169,-0.00021256887339404784,3.924024e-05,0.0003,0.2,790.4901466846466
4470,204.56,-1283.58,464896,103,227,177.2362518310547,0.0,-0.09575199391692876,2260,0.9799690246582031,-0.00033277845359407364,6.998853e-05,0.0003,0.2,451.84384088516236
4496,203.81,-1272.63,466944,103,228,124.1460189819336,0.0,-0.09623974367277696,2270,0.9824352264404297,-0.00029234320754767396,7.297269e-05,0.0003,0.2,432.51875591278076
4521,203.28,-1262.89,468992,103,229,193.0723876953125,0.0,-0.09622999234125018,2280,0.9668976068496704,-0.0004743414385302458,6.805417e-05,0.0003,0.2,711.1002883911133
4548,203.92,-1274.28,471040,103,230,245.77899169921875,0.0,-0.09396420492557808,2290,0.9690264463424683,-2.7577951550483702e-05,4.317777e-06,0.0003,0.2,752.4892881393432
4574,203.74,-1269.5,473088,103,231,382.7734680175781,0.0,-0.09812088744947686,2300,0.970267653465271,-0.00027121907187392934,6.054308e-05,0.0003,0.2,642.0804662466049
4601,203.43,-1263.85,475136,103,232,220.7309112548828,0.0,-0.09496065081330016,2310,0.9810346364974976,-0.00019622951549536083,3.7558206e-05,0.0003,0.2,497.62049160003664
4628,203.68,-1268.23,477184,103,233,275.3985290527344,0.0,-0.09409173850435763,2320,0.970515787601471,-0.00015226864998112432,2.235661e-05,0.0003,0.2,669.0292725563049
4652,203.65,-1269.3,479232,103,234,275.21929931640625,0.0,-0.0920843162224628,2330,0.9753475189208984,-0.00022757091574021615,2.757621e-05,0.0003,0.2,564.2783296585083
4680,203.31,-1264.27,481280,102,235,237.58901977539062,0.0,-0.09424647951964289,2340,0.9771620631217957,-0.00012071035926055628,3.5951663e-05,0.0003,0.2,458.6450395107269
4706,202.95,-1258.7,483328,102,236,282.63519287109375,0.0,-0.09145774292992429,2350,0.9671876430511475,-0.0004769298669998534,9.009032e-05,0.0003,0.2,690.9521727561951
4732,202.66,-1254.65,485376,102,237,518.65869140625,0.0,-0.08630546235945076,2360,0.9682737588882446,-7.009735199972055e-05,9.033249e-06,0.0003,0.2,754.1697534561157
4761,202.33,-1247.63,487424,102,238,207.0608367919922,0.0,-0.08981304879998789,2370,0.9767540097236633,-0.00015293715259758755,1.9360508e-05,0.0003,0.2,479.63874516487124
4787,202.44,-1250.94,489472,102,239,222.97157287597656,0.0,-0.09017667735461146,2380,0.9735007882118225,-0.00023936859361128882,4.401334e-05,0.0003,0.2,615.9098019599915
4814,202.0,-1244.8,491520,102,240,285.814208984375,0.0,-0.08390709385275841,2390,0.9698461294174194,-0.0008440372013865272,0.0002182977,0.0003,0.2,544.0553529262543
4841,201.34,-1234.33,493568,101,241,188.5831756591797,0.0,-0.08118057548999787,2400,0.9691444039344788,-0.0004948603092998383,9.330709e-05,0.0003,0.2,667.7924167156219
4869,201.38,-1234.3,495616,101,242,355.29095458984375,0.0,-0.07531174261821434,2410,0.9709228277206421,-9.744644266902469e-05,1.0261489e-05,0.0003,0.2,574.86842918396
4896,201.81,-1241.45,497664,101,243,352.5427551269531,0.0,-0.07925494697410614,2420,0.9782282710075378,-0.00019761378607654478,4.9976996e-05,0.0003,0.2,535.2013779640198
4922,201.52,-1235.12,499712,101,244,197.37098693847656,0.0,-0.08068575605284423,2430,0.9613748788833618,-3.2586242014076562e-06,1.5485305e-06,0.0003,0.2,816.6526054382324
4954,201.01,-1223.93,501760,101,245,218.2682342529297,0.0,-0.07912209309870377,2440,0.9720043540000916,-0.000139064322138438,1.6628248e-05,0.0003,0.2,563.6543730735779
4981,201.34,-1227.44,503808,101,246,247.12814331054688,0.0,-0.0739400198101066,2450,0.9757823944091797,-5.779195489594713e-05,9.025158e-06,0.0003,0.2,628.2525133132934
5009,201.33,-1227.34,505856,100,247,223.5814208984375,0.0,-0.07612579995766282,2460,0.9786980748176575,-8.603037204011344e-05,1.5377376e-05,0.0003,0.2,458.27590441703796
5036,201.47,-1230.93,507904,100,248,149.5773468017578,0.0,-0.07357668692711741,2470,0.9758898615837097,-0.0005022540019126609,0.00011326794,0.0003,0.2,503.973433637619
5065,201.73,-1236.62,509952,100,249,263.5360412597656,0.0,-0.07838061522925273,2480,0.9749758243560791,-4.632078853319399e-05,8.7684675e-06,0.0003,0.2,570.6708570957184
5094,202.81,-1253.92,512000,100,250,145.19224548339844,0.0,-0.07904148120433092,2490,0.9654058218002319,-4.509611117100576e-05,5.1163415e-06,0.0003,0.2,604.4765610694885
5121,203.08,-1259.54,514048,100,251,120.52531433105469,0.0,-0.079730130196549,2500,0.968450129032135,-0.0001500415994087234,1.218782e-05,0.0003,0.2,567.7592730283737
5149,202.88,-1259.79,516096,100,252,332.88848876953125,0.0,-0.0772208617767319,2510,0.9746227860450745,-9.2704009875888e-05,1.767863e-05,0.0003,0.2,482.8819491863251
5179,202.42,-1250.47,518144,100,253,423.0300598144531,0.0,-0.08043085155077279,2520,0.9632529616355896,-0.0003127211290120613,3.0412913e-05,0.0003,0.2,722.5486731052399
5207,203.17,-1263.14,520192,99,254,230.59951782226562,0.0,-0.07878547788131982,2530,0.9703685641288757,-9.410405182279647e-05,6.095213e-06,0.0003,0.2,618.7489370822907
5239,203.68,-1274.5,522240,99,255,174.6205291748047,0.0,-0.07730535907903686,2540,0.971440851688385,-7.08372095687082e-05,8.97896e-06,0.0003,0.2,736.8244547367096
5307,203.63,-1275.77,524288,98,256,260.9541320800781,0.0,-0.07705703709507361,2550,0.9723073244094849,-9.369039835291915e-05,1.1041179e-05,0.0003,0.2,630.4567856788635
5403,204.34,-1287.21,526336,97,257,388.3227233886719,0.0,-0.07851264771306887,2560,0.960622251033783,-0.00018961772257171107,1.9116678e-05,0.0003,0.2,674.4214676380158
5510,203.76,-1276.77,528384,95,258,418.9690856933594,0.0,-0.07691649574553594,2570,0.9647489786148071,-2.479068425600417e-05,1.047534e-05,0.0003,0.2,853.9686745643615
5614,203.87,-1277.41,530432,94,259,254.53448486328125,0.0,-0.07531634320039302,2580,0.9665898680686951,-2.6291380345355718e-05,4.0211e-06,0.0003,0.2,589.3314554214478
5706,203.41,-1269.7,532480,93,260,488.9022521972656,0.0,-0.08410571366548539,2590,0.9536468386650085,-7.931054824439343e-05,1.0778181e-05,0.0003,0.2,948.6074043750763
5816,202.81,-1260.39,534528,91,261,620.9697875976562,0.0,-0.07844688944751396,2600,0.9509140253067017,-0.00015607518289471046,1.9302872e-05,0.0003,0.2,953.2222988128663
5915,202.54,-1253.77,536576,90,262,165.2961883544922,0.0,-0.07096063040662556,2610,0.9614647626876831,-1.2590774349519052e-05,4.6525456e-06,0.0003,0.2,578.8647832393647
6015,202.07,-1244.91,538624,89,263,228.05491638183594,0.0,-0.07827254316071049,2620,0.9738466143608093,-2.2608020663028584e-05,5.3570498e-06,0.0003,0.2,593.2007576942444
6116,202.12,-1245.92,540672,88,264,203.87869262695312,0.0,-0.07832088433206082,2630,0.9705693125724792,-2.606082089187112e-05,1.4971979e-06,0.0003,0.2,693.6999631404876
6212,202.41,-1251.98,542720,87,265,291.90252685546875,0.0,-0.07564482392044738,2640,0.9708240032196045,-0.00035269679756311234,6.4153035e-05,0.0003,0.2,677.0811666965485
6309,203.32,-1267.86,544768,86,266,142.23451232910156,0.0,-0.08518218318931758,2650,0.9570436477661133,-0.0004380082915304229,8.1409824e-05,0.0003,0.2,785.6539027214051
6401,203.36,-1270.48,546816,85,267,532.515380859375,0.0,-0.08316091919550672,2660,0.9361787438392639,-9.574717842042446e-05,7.4898135e-06,0.0003,0.2,1222.7209812164306
6493,203.9,-1278.95,548864,84,268,260.8434143066406,0.0,-0.08011772078461946,2670,0.958623468875885,-0.00012296667191549204,3.0912088e-05,0.0003,0.2,634.6308796405792
6593,203.12,-1264.81,550912,83,269,161.79660034179688,0.0,-0.07764773771632463,2680,0.9709781408309937,-0.00015164930009632372,2.1305283e-05,0.0003,0.2,580.4868515491486
6685,202.92,-1260.45,552960,82,270,245.95155334472656,0.0,-0.07661703857593238,2690,0.9650636315345764,-9.493032921454869e-05,1.536867e-05,0.0003,0.2,759.7142421722413
6789,204.01,-1281.73,555008,81,271,173.8153076171875,0.0,-0.07525327032199129,2700,0.9701040387153625,-0.00020216277771396564,2.4483306e-05,0.0003,0.2,523.0014563083648
6892,204.31,-1286.52,557056,80,272,293.2489318847656,0.0,-0.07916542153107002,2710,0.9661795496940613,-5.7313561046612446e-05,1.174034e-05,0.0003,0.2,797.245419883728
7005,204.4,-1286.42,559104,79,273,174.36834716796875,0.0,-0.07833070537308232,2720,0.9758138656616211,-0.00017515532963443547,4.5642693e-05,0.0003,0.2,531.0079748392105
7091,204.81,-1296.4,561152,79,274,169.0734100341797,0.0,-0.0752809852710925,2730,0.9786242842674255,-0.0002681722224224359,5.1191113e-05,0.0003,0.2,509.184143781662
7194,203.87,-1279.31,563200,78,275,472.99072265625,0.0,-0.08045932087115944,2740,0.9606946706771851,-2.324171036889311e-05,2.971519e-06,0.0003,0.2,957.8473520755767
7285,202.93,-1261.36,565248,77,276,157.47366333007812,0.0,-0.07792087090201676,2750,0.9672286510467529,-5.527249013539404e-05,7.95529e-06,0.0003,0.2,736.5730105400086
7376,203.24,-1268.28,567296,76,277,147.24937438964844,0.0,-0.07805682803736999,2760,0.9746881723403931,-0.00030383746161533054,7.266886e-05,0.0003,0.2,491.14647941589357
7467,204.25,-1286.37,569344,76,278,361.1326904296875,0.0,-0.07593951128656044,2770,0.9639793634414673,-0.00039068092009983955,4.2960888e-05,0.0003,0.2,625.1247621536255
7551,204.4,-1287.88,571392,75,279,204.22486877441406,0.0,-0.08104438320733606,2780,0.9749069809913635,-8.211111853597685e-05,1.4425919e-05,0.0003,0.2,606.7928560256958
7643,205.19,-1303.02,573440,75,280,379.3008117675781,0.0,-0.07575517664663493,2790,0.9715672731399536,-0.0001179079834400909,1.5902257e-05,0.0003,0.2,810.1196845531464
7734,205.13,-1299.31,575488,74,281,294.0851135253906,0.000146484375,-0.07817741241306067,2800,0.9717181324958801,-0.0002716342474741396,9.010959e-05,0.0003,0.2,638.1524865627289
7834,204.86,-1295.11,577536,73,282,334.67724609375,0.0,-0.07879447696032002,2810,0.9726544618606567,-0.00013652487177751027,3.9739032e-05,0.0003,0.2,670.8400881290436
7943,205.35,-1305.07,579584,72,283,309.43109130859375,0.0,-0.08166022857185454,2820,0.9647913575172424,-0.00036179564631311223,8.386432e-05,0.0003,0.2,770.1340744018555
8051,204.8,-1292.15,581632,72,284,187.74267578125,9.765625e-05,-0.08803381795296446,2830,0.9746590256690979,-0.0002987919760926161,0.00010456855,0.0003,0.2,561.5410067558289
8160,205.54,-1304.08,583680,71,285,198.98135375976562,0.0,-0.09019138871226459,2840,0.9684314727783203,-5.153866368345916e-05,1.4076241e-05,0.0003,0.2,777.7415331363678
8270,205.81,-1308.03,585728,70,286,419.1441650390625,0.0,-0.08601496194023639,2850,0.9738022089004517,-0.00020261499739717692,0.00011787019,0.0003,0.2,661.3973854064941
8374,205.59,-1304.88,587776,70,287,233.02743530273438,0.0,-0.08165430919034407,2860,0.97401362657547,-6.749222957296297e-05,1.45656495e-05,0.0003,0.2,542.5874048709869
8499,204.48,-1283.09,589824,69,288,494.74249267578125,0.0,-0.08663446422433481,2870,0.9718315005302429,-5.679222012986429e-05,1.05685485e-05,0.0003,0.2,670.420342874527
8616,204.25,-1279.6,591872,68,289,169.48846435546875,0.0,-0.07958188786869869,2880,0.9701269268989563,-6.733694717695471e-05,2.1039006e-05,0.0003,0.2,565.1613953113556
8734,203.59,-1266.37,593920,68,290,465.14263916015625,0.0,-0.08747567032696679,2890,0.9671629667282104,-0.00028235004720045254,6.95246e-05,0.0003,0.2,774.4407293319703
8832,204.72,-1285.82,595968,67,291,235.15892028808594,0.0,-0.08646603503730148,2900,0.9706149101257324,-3.0651257293357045e-05,8.543577e-06,0.0003,0.2,624.6502158164978
8950,204.16,-1275.8,598016,66,292,227.95944213867188,0.0,-0.09292760451789946,2910,0.9656583070755005,-7.488774281227961e-05,8.752551e-06,0.0003,0.2,616.0900432109833
9034,203.22,-1259.05,600064,66,293,210.11537170410156,0.0,-0.08398675634525717,2920,0.9616260528564453,-1.7328029935015364e-05,2.3734606e-06,0.0003,0.2,698.9409969329834
9095,203.11,-1257.52,602112,66,294,250.60574340820312,0.0,-0.086727864400018,2930,0.9704704880714417,-0.00021075323456898332,4.1076695e-05,0.0003,0.2,578.9197239875793
9156,203.27,-1262.94,604160,65,295,245.5010528564453,0.0,-0.08858924909727647,2940,0.9796051979064941,-0.00027670181007124486,8.40361e-05,0.0003,0.2,530.8315059185028
9218,203.55,-1267.43,606208,65,296,280.2341613769531,0.0,-0.08706940504489466,2950,0.9683910608291626,-8.09669705631677e-05,9.160735e-06,0.0003,0.2,675.6439047813416
9280,203.79,-1270.32,608256,65,297,204.61410522460938,0.0,-0.08425635136663914,2960,0.9750809669494629,-6.765202924725599e-05,1.8334707e-05,0.0003,0.2,602.8917252540589
9341,204.07,-1277.29,610304,65,298,335.6324462890625,0.000341796875,-0.08176291820127517,2970,0.9693939685821533,-0.0006058957140339771,0.00020621328,0.0003,0.2,797.4715909957886
9401,203.97,-1275.82,612352,65,299,220.8629150390625,0.0,-0.08129939204081893,2980,0.9711481928825378,-2.418433432467282e-05,2.192673e-06,0.0003,0.2,689.5370154857635
9462,204.32,-1283.92,614400,64,300,213.03146362304688,0.0,-0.0796374126453884,2990,0.968950629234314,-0.0002842595105903456,8.284596e-05,0.0003,0.2,689.1982107639312
9523,202.79,-1256.41,616448,64,301,637.8077392578125,0.0,-0.07792069107526914,3000,0.9652725458145142,-0.0002668823544809129,6.59583e-05,0.0003,0.2,620.6583532810212
9584,203.57,-1269.82,618496,64,302,521.8477783203125,0.0,-0.07353570155100897,3010,0.9647243022918701,-4.0651181916473436e-05,6.8765476e-06,0.0003,0.2,672.6156840324402
9650,203.56,-1267.49,620544,64,303,164.86167907714844,0.0,-0.07280563219683245,3020,0.9694070219993591,-9.423910523764789e-05,2.1378082e-05,0.0003,0.2,576.3475584983826
9711,203.08,-1258.17,622592,64,304,218.4182891845703,0.0,-0.06780343847349286,3030,0.9695257544517517,-8.633226898382417e-05,2.1400632e-05,0.0003,0.2,594.050723361969
9765,203.7,-1269.4,624640,63,305,321.0054931640625,0.0,-0.06513859826372936,3040,0.9789975881576538,-0.00029730475616815963,0.00010712459,0.0003,0.2,541.982628774643
9825,203.6,-1268.62,626688,63,306,273.75140380859375,0.0,-0.07520332040148787,3050,0.9506338834762573,-0.0003745365855138516,9.0721376e-05,0.0003,0.2,692.621113729477
9886,203.6,-1267.15,628736,63,307,108.7035903930664,0.0,-0.06836947737028823,3060,0.9743026494979858,-0.00015484436953556725,2.3050548e-05,0.0003,0.2,543.7439756393433
9951,203.51,-1263.02,630784,63,308,387.2314758300781,0.0,-0.07121537710772827,3070,0.967866837978363,-0.00037990377968526444,3.6015474e-05,0.0003,0.2,639.7891746997833
10012,203.03,-1252.96,632832,63,309,267.693603515625,0.0,-0.0652932656754274,3080,0.9698701500892639,-5.466072616400197e-05,4.477216e-06,0.0003,0.2,739.0051845550537
10075,202.26,-1239.3,634880,63,310,300.9150390625,0.0,-0.06411911842878908,3090,0.9676235318183899,-0.00018952932332467755,2.6815156e-05,0.0003,0.2,651.0518171787262
10139,203.08,-1255.64,636928,62,311,377.9122009277344,0.0,-0.06552797118201852,3100,0.9718812704086304,-0.00034268746312591245,7.664582e-05,0.0003,0.2,593.9682086467743
10202,202.61,-1247.82,638976,62,312,159.67263793945312,0.0,-0.06814528870163486,3110,0.9683920741081238,-0.00013908306063967757,1.68545e-05,0.0003,0.2,537.3078825950622
10270,202.48,-1247.12,641024,62,313,170.79071044921875,4.8828125e-05,-0.06633771426859311,3120,0.9685060977935791,-0.00015845682792132721,3.6702062e-05,0.0003,0.2,681.2921723365783
10334,202.8,-1255.19,643072,62,314,244.6728973388672,0.0,-0.06538034683326259,3130,0.969218909740448,-0.0003957020438974723,6.480265e-05,0.0003,0.2,547.4225606441498
10397,201.68,-1229.76,645120,62,315,207.25906372070312,0.0,-0.07031489324290305,3140,0.9798510670661926,-0.00013823262852383778,1.9465335e-05,0.0003,0.2,490.79099202156067
10461,202.0,-1236.86,647168,61,316,179.03594970703125,0.0,-0.06682018546271137,3150,0.9719845652580261,-0.00011041735633625649,2.2341308e-05,0.0003,0.2,507.6437337398529
10525,201.4,-1226.95,649216,61,317,151.50482177734375,0.0,-0.06744278800906614,3160,0.9718539118766785,-9.680474577180575e-05,6.524372e-06,0.0003,0.2,621.9516498088836
10589,201.43,-1231.02,651264,61,318,258.4935607910156,0.0,-0.06648763906559907,3170,0.9773430824279785,-0.000321909074409632,6.357446e-05,0.0003,0.2,499.90346975326537
10653,202.0,-1242.18,653312,61,319,330.78497314453125,0.0,-0.06716108078253455,3180,0.9688650369644165,-6.0524843138409776e-05,1.1291039e-05,0.0003,0.2,677.6352663040161
10723,201.94,-1242.32,655360,61,320,458.2220764160156,0.0,-0.06261264331405983,3190,0.9727051258087158,-9.435695756110363e-05,1.3942748e-05,0.0003,0.2,689.9459365844726
10783,202.44,-1248.56,657408,60,321,185.73358154296875,0.0,-0.06449114241404459,3200,0.970659077167511,-0.00027394386270316316,4.155094e-05,0.0003,0.2,623.8461641788483
10847,202.94,-1258.58,659456,60,322,204.45388793945312,0.0,-0.06403241116204299,3210,0.9754654765129089,-0.0005225209046329837,9.626024e-05,0.0003,0.2,529.968062877655
10913,203.39,-1266.88,661504,60,323,172.767578125,0.0,-0.06399767877301202,3220,0.9786948561668396,-3.38813872076571e-05,3.7927716e-06,0.0003,0.2,445.4386873245239
10986,202.42,-1248.23,663552,60,324,247.90969848632812,0.0,-0.0595097637095023,3230,0.9745062589645386,-6.786478334106505e-05,4.0037553e-06,0.0003,0.2,565.0665905952453
11052,202.25,-1248.61,665600,60,325,210.37782287597656,0.0,-0.05490907296189107,3240,0.9685964584350586,-0.00010924386733677239,2.099547e-05,0.0003,0.2,526.7333915710449
11118,201.85,-1243.13,667648,60,326,190.91722106933594,0.0,-0.0609055757522583,3250,0.9668929576873779,-6.561239824804943e-05,5.350155e-06,0.0003,0.2,625.277869796753
11190,201.72,-1240.14,669696,59,327,293.04327392578125,0.0,-0.06024555744952522,3260,0.9722794890403748,-5.487016424012836e-05,6.6480984e-06,0.0003,0.2,637.1256445407868
11256,202.09,-1243.24,671744,59,328,246.52972412109375,0.0,-0.05910666082636453,3270,0.9758313894271851,-4.3152626312803476e-05,7.2869325e-06,0.0003,0.2,586.7188899993896
11323,201.84,-1240.69,673792,59,329,227.43704223632812,0.0,-0.05786284763016738,3280,0.9723969101905823,-5.850154484505765e-05,6.49488e-06,0.0003,0.2,664.696650314331
11390,201.41,-1230.78,675840,59,330,345.0053405761719,0.0,-0.05870151455164887,3290,0.971645712852478,-9.164235452772119e-05,1.6215166e-05,0.0003,0.2,643.2386338233948
11457,200.68,-1217.67,677888,59,331,159.6492462158203,0.0,-0.05841124572325498,3300,0.9807130098342896,-0.0002016449469010695,3.82208e-05,0.0003,0.2,422.82623624801636
11525,200.43,-1211.44,679936,58,332,226.96499633789062,0.0,-0.05861842130543664,3310,0.9817747473716736,-0.00036211469923728143,9.5442345e-05,0.0003,0.2,403.8403762340546
11598,200.07,-1206.36,681984,58,333,493.6173095703125,0.0,-0.059615640150150286,3320,0.9743595123291016,-0.00036439329123822973,7.642566e-05,0.0003,0.2,569.891942024231
11666,200.76,-1218.83,684032,58,334,213.65057373046875,0.0,-0.05676926409360021,3330,0.9651792049407959,-8.333296718774364e-05,1.3118837e-05,0.0003,0.2,658.542297077179
11734,200.81,-1218.85,686080,58,335,328.4192810058594,0.0,-0.06282143879216165,3340,0.9671900272369385,-8.883974660420791e-05,1.0034088e-05,0.0003,0.2,652.3787871360779
11801,201.29,-1228.1,688128,58,336,215.05123901367188,0.0,-0.057599530584411696,3350,0.9748287796974182,-7.037999748717993e-05,1.5711787e-05,0.0003,0.2,586.9052030563355
11870,201.11,-1228.08,690176,58,337,172.55581665039062,0.0,-0.06020800850819796,3360,0.9640268683433533,-4.7540867308271116e-05,3.6081296e-06,0.0003,0.2,634.1044323444366
11938,201.36,-1233.99,692224,57,338,269.46563720703125,0.0,-0.059231010510120544,3370,0.9714579582214355,-7.261052505782572e-05,1.107802e-05,0.0003,0.2,588.3966555118561
12007,201.75,-1241.02,694272,57,339,249.70492553710938,0.0,-0.05843208045698702,3380,0.9712744355201721,-0.0005297158011671854,9.195561e-05,0.0003,0.2,635.6215082168579
12076,202.53,-1257.04,696320,57,340,229.9861297607422,0.0,-0.057589892856776716,3390,0.965255856513977,-0.00010127135738002835,8.150814e-06,0.0003,0.2,781.2571611881256
12145,202.87,-1263.47,698368,57,341,188.7042999267578,0.0,-0.05986793421325274,3400,0.9749844074249268,-0.0001163330118288286,9.932801e-06,0.0003,0.2,594.9536113262177
12220,202.62,-1260.73,700416,57,342,316.897705078125,0.0,-0.057047394511755556,3410,0.9746241569519043,-2.4743020549067297e-05,3.1457257e-06,0.0003,0.2,627.7872874736786
12290,202.94,-1267.62,702464,57,343,810.8057250976562,0.0,-0.05602995767258108,3420,0.9632079005241394,-0.00023958637757459655,3.237443e-05,0.0003,0.2,906.394009399414
12359,202.79,-1265.76,704512,57,344,351.5439147949219,0.0,-0.053301960421958935,3430,0.9628614783287048,-5.3670466149924324e-05,2.3973219e-06,0.0003,0.2,781.474469089508
12429,203.18,-1275.49,706560,56,345,420.8307800292969,0.0,-0.05633048349991441,3440,0.956678569316864,-0.00020659555884776636,1.9824516e-05,0.0003,0.2,937.0515661239624
12499,202.45,-1262.46,708608,56,346,247.35491943359375,0.0,-0.056082174414768815,3450,0.9615797996520996,-0.0003303450081148185,4.1746192e-05,0.0003,0.2,652.9328524589539
12570,202.46,-1262.77,710656,56,347,168.50216674804688,0.0,-0.05388001023093238,3460,0.9659256935119629,-3.762924752663821e-05,6.258473e-06,0.0003,0.2,615.6731058597564
12646,202.42,-1264.25,712704,56,348,132.15379333496094,0.0,-0.05535672060213983,3470,0.9727287292480469,-6.221340372576378e-05,2.5072202e-06,0.0003,0.2,617.5258682727814
12711,202.79,-1271.59,714752,56,349,389.99151611328125,0.0,-0.05413745654514059,3480,0.9576840996742249,-0.0001159518855274655,7.606486e-06,0.0003,0.2,969.5993132591248
12782,202.93,-1273.85,716800,56,350,405.2959899902344,0.0,-0.0541211289120838,3490,0.9530515074729919,-5.167539602553006e-05,3.034816e-06,0.0003,0.2,933.0852644920349
12859,202.59,-1270.97,718848,55,351,168.04420471191406,0.0,-0.05420253166812472,3500,0.974871814250946,-0.00020762953208759428,1.7697712e-05,0.0003,0.2,590.2413519859314
12931,202.13,-1264.49,720896,55,352,163.156982421875,0.0,-0.05423649054719135,3510,0.968920111656189,-9.101085815927945e-05,4.242588e-06,0.0003,0.2,741.9500333786011
13003,201.68,-1258.13,722944,55,353,199.1912078857422,0.0,-0.050875233119586485,3520,0.9709802269935608,-2.253299280710053e-05,2.396096e-06,0.0003,0.2,570.8649163246155
13081,201.48,-1254.32,724992,55,354,160.8524932861328,0.0,-0.051526431075762956,3530,0.9777398705482483,-8.83122775121592e-05,9.304767e-06,0.0003,0.2,536.6699706554413
13153,201.75,-1256.12,727040,55,355,477.3711242675781,0.0,-0.048301807220559566,3540,0.9602716565132141,-5.6626048353791704e-05,6.305634e-06,0.0003,0.2,810.5748072147369
13226,201.8,-1259.47,729088,55,356,188.1703338623047,0.0,-0.05349628960248083,3550,0.9705880284309387,-1.2980714382138104e-05,1.0666126e-06,0.0003,0.2,605.3931849002838
13298,202.24,-1265.5,731136,54,357,314.7327880859375,0.0,-0.04952683369047008,3560,0.9643954038619995,-0.0001183512169518508,8.4741905e-06,0.0003,0.2,755.8485439300537
13370,202.59,-1273.23,733184,54,358,317.39312744140625,0.0,-0.054056254139868545,3570,0.9663218855857849,-0.0001382870577799622,2.9428318e-05,0.0003,0.2,630.6978709220887
13437,203.13,-1282.44,735232,54,359,189.86068725585938,0.0,-0.0527361481974367,3580,0.9656045436859131,-0.00013008328824071214,2.4776857e-05,0.0003,0.2,776.1129677772522
13510,202.92,-1280.11,737280,54,360,219.2700653076172,0.0,-0.05383399315760471,3590,0.971362292766571,-0.00014316515807877295,7.576381e-06,0.0003,0.2,603.1334638595581
13583,203.33,-1288.26,739328,54,361,247.24571228027344,0.0,-0.051534227892989296,3600,0.9749030470848083,-6.241810751816956e-05,5.2868e-06,0.0003,0.2,634.6412798881531
13657,204.15,-1301.91,741376,54,362,337.2705993652344,0.0,-0.05288466984638944,3610,0.974540650844574,-6.204476339917164e-05,7.399043e-06,0.0003,0.2,660.4874017715454
13730,204.6,-1308.58,743424,54,363,332.2920227050781,0.0,-0.051766981446417046,3620,0.9596772789955139,-1.7942624253919348e-05,1.3369005e-06,0.0003,0.2,945.9140751838684
13810,204.83,-1312.15,745472,53,364,396.68914794921875,0.0,-0.04879849851131439,3630,0.9692882895469666,-7.478112092940137e-05,4.393699e-06,0.0003,0.2,704.9133640766144
13879,204.81,-1316.4,747520,53,365,693.4859008789062,0.0,-0.04868768032756634,3640,0.9597799777984619,-5.977914552204311e-05,7.3632505e-06,0.0003,0.2,919.2926083564759
13959,204.73,-1311.82,749568,53,366,417.4315185546875,0.0,-0.05239159240736626,3650,0.9626968502998352,-0.00017842928427853623,2.1440432e-05,0.0003,0.2,892.1875357627869
14034,204.2,-1301.11,751616,53,367,306.45672607421875,0.0,-0.04932423768332228,3660,0.9766074419021606,-7.579448501928709e-05,8.142859e-06,0.0003,0.2,523.349835395813
14109,203.4,-1286.11,753664,53,368,344.0829772949219,0.0,-0.050646568334195764,3670,0.9730745553970337,-3.640413488028571e-05,3.3771412e-06,0.0003,0.2,626.3418028831481
14184,203.08,-1279.77,755712,53,369,179.2001190185547,0.0,-0.048291033651912584,3680,0.9759374260902405,-0.00012819882867916023,2.4666408e-05,0.0003,0.2,539.9291839599609
14259,202.49,-1268.42,757760,53,370,252.89944458007812,0.0,-0.0535180882026907,3690,0.9581436514854431,-7.818586818757467e-05,9.324919e-06,0.0003,0.2,832.7291951179504
14340,202.18,-1261.66,759808,52,371,160.74462890625,0.0,-0.048455051181372256,3700,0.9752647280693054,-0.0001399262335326057,8.426935e-06,0.0003,0.2,540.7804219245911
14416,201.66,-1254.36,761856,52,372,295.4880676269531,0.0,-0.051266938948538156,3710,0.9632542729377747,-3.909443912561983e-05,9.311645e-06,0.0003,0.2,617.421788740158
14493,201.85,-1257.67,763904,52,373,457.1146240234375,0.0,-0.05119103653705679,3720,0.960136353969574,-2.6421010988997296e-05,1.1671322e-06,0.0003,0.2,782.9216678619384
14569,202.01,-1258.85,765952,52,374,136.86256408691406,0.0,-0.048686216986970975,3730,0.9726636409759521,-0.00018757768630166537,2.91895e-05,0.0003,0.2,632.1887127876282
14644,201.54,-1248.43,768000,52,375,283.45159912109375,0.0,-0.049631849525030705,3740,0.9692524671554565,-0.0001406515293638222,2.4712741e-05,0.0003,0.2,618.192610692978
14721,201.56,-1253.1,770048,52,376,385.4996643066406,0.0,-0.04988978718756698,3750,0.9702156782150269,-1.1383868331904523e-05,1.6479248e-07,0.0003,0.2,561.2269385814667
14798,201.57,-1256.24,772096,52,377,263.4490051269531,0.0,-0.052209480688907205,3760,0.9633452296257019,-0.0001642463441385189,2.2514154e-05,0.0003,0.2,752.048991394043
14874,202.72,-1281.08,774144,52,378,310.2049865722656,0.0,-0.05053747590864077,3770,0.9578409790992737,-0.0001944617382832803,1.9230894e-05,0.0003,0.2,792.9167888641357
14951,202.42,-1277.46,776192,51,379,298.032470703125,0.0,-0.05179685932234861,3780,0.9452546834945679,-2.9292962062754667e-05,6.9984105e-07,0.0003,0.2,898.4067312240601
15033,202.32,-1278.31,778240,51,380,264.66021728515625,0.0,-0.04848778800223954,3790,0.9517275094985962,-5.059885661466979e-05,7.3787874e-06,0.0003,0.2,1121.1793296813964
15114,203.14,-1292.57,780288,51,381,194.87828063964844,0.0,-0.049528627045219764,3800,0.9710344672203064,-2.720182601478882e-05,3.2614967e-06,0.0003,0.2,641.65697889328
15194,203.31,-1294.08,782336,51,382,207.7009735107422,0.0,-0.04859400980640203,3810,0.9598112106323242,-2.466172409185674e-05,3.1084944e-06,0.0003,0.2,827.3839486598969
15283,203.5,-1297.47,784384,51,383,266.78680419921875,0.0,-0.04910594779066742,3820,0.9581326842308044,-2.793658713926561e-05,2.5195218e-06,0.0003,0.2,925.9146453857422
15369,203.38,-1296.95,786432,51,384,177.85362243652344,0.0,-0.048005188757088035,3830,0.9647059440612793,-7.664368731639116e-05,7.325697e-06,0.0003,0.2,906.6175080299378
15455,203.19,-1292.71,788480,51,385,338.5406494140625,0.0,-0.04841743977740407,3840,0.9642945528030396,-6.596601524506695e-05,3.5459693e-06,0.0003,0.2,829.7167322158814
15542,203.35,-1292.75,790528,50,386,126.26036834716797,0.0,-0.04617097230511717,3850,0.9707058072090149,-5.128960910951719e-05,2.0205434e-06,0.0003,0.2,686.3116153717041
15628,202.77,-1282.14,792576,50,387,355.064697265625,0.0,-0.0489456981420517,3860,0.9666769504547119,-0.00031495399452978744,4.7423506e-05,0.0003,0.2,689.5517804145813
15715,202.72,-1278.45,794624,50,388,227.44183349609375,0.0,-0.048807882150867954,3870,0.9636930823326111,-3.99371754610911e-05,3.1219997e-06,0.0003,0.2,797.1902240753174
15808,202.3,-1269.52,796672,50,389,338.4317321777344,0.0,-0.04911690522567369,3880,0.9375647902488708,-3.495583368930966e-05,2.9969801e-06,0.0003,0.2,972.792279958725
15883,203.13,-1288.46,798720,50,390,287.9967956542969,0.0,-0.044481671805260706,3890,0.9692178964614868,-4.722060402855277e-05,2.6350713e-06,0.0003,0.2,844.5125367641449
15965,202.85,-1284.13,800768,50,391,412.5067443847656,0.0,-0.04970821045571938,3900,0.9306498169898987,-0.000260047283336462,2.4755092e-05,0.0003,0.2,1176.4264967918396
16045,203.23,-1294.47,802816,50,392,342.3059997558594,0.0,-0.0451536275271792,3910,0.9598076939582825,-6.322135886875913e-05,2.033421e-06,0.0003,0.2,747.2533368110657
16132,202.68,-1284.52,804864,49,393,288.3083190917969,0.0,-0.04710233736550436,3920,0.9625301957130432,-6.831797873019241e-05,8.17815e-06,0.0003,0.2,822.0048409938812
16213,202.68,-1285.38,806912,49,394,291.6545104980469,0.0,-0.04374730155104771,3930,0.9561713933944702,-7.607362203998491e-06,4.8383447e-07,0.0003,0.2,751.334368276596
16294,203.15,-1294.38,808960,49,395,238.45626831054688,0.0,-0.045391395600745454,3940,0.9691844582557678,-4.630297098628944e-05,3.7324323e-06,0.0003,0.2,651.7501564979553
16375,203.89,-1306.14,811008,49,396,332.97021484375,0.0,-0.04511058814823628,3950,0.9713522791862488,-1.228049150086008e-05,6.614898e-07,0.0003,0.2,765.7422137260437
16456,203.81,-1303.36,813056,49,397,367.71112060546875,0.0,-0.04725966136902571,3960,0.9572365283966064,-0.00016953010053839536,1.7968578e-05,0.0003,0.2,893.06554479599
16537,203.61,-1296.92,815104,49,398,257.7768859863281,0.0,-0.04608514072024263,3970,0.9768304824829102,-9.772968660399783e-05,1.3635783e-05,0.0003,0.2,527.1564759254455
16619,203.81,-1297.3,817152,49,399,297.63226318359375,0.0,-0.04493171244394034,3980,0.9709061980247498,-6.0181384469615296e-05,9.505005e-06,0.0003,0.2,560.4556027889251
16702,203.69,-1290.23,819200,49,400,361.9843444824219,0.0,-0.04364090422168374,3990,0.9727898836135864,-3.1457173463422805e-05,2.8255708e-06,0.0003,0.2,586.9464653968811
16784,203.13,-1278.68,821248,48,401,364.69329833984375,0.0,-0.046732324262848124,4000,0.9700546264648438,-1.4057743101147935e-05,2.3753016e-06,0.0003,0.2,621.8178477287292
16866,202.97,-1270.61,823296,48,402,143.9838409423828,0.0,-0.04372426938498393,4010,0.9687422513961792,-0.0002405158866167767,2.4328852e-05,0.0003,0.2,645.4368857383728
16948,203.17,-1274.09,825344,48,403,339.5409240722656,0.0,-0.04716198988608085,4020,0.9706982374191284,-0.00013685857265954837,6.88044e-06,0.0003,0.2,705.0888434410095
17038,202.67,-1264.97,827392,48,404,310.12030029296875,0.0,-0.04655883088125847,4030,0.9772584438323975,-0.00010265033051837236,1.2942768e-05,0.0003,0.2,532.2360267162323
17121,202.7,-1266.32,829440,48,405,223.02835083007812,0.0,-0.041585909255081786,4040,0.9713580012321472,-1.995874845306389e-05,1.3523817e-06,0.0003,0.2,691.1231498241425
17204,201.58,-1246.36,831488,48,406,234.82066345214844,0.0,-0.04631843970273621,4050,0.9690572023391724,-0.00011407240453991108,1.6463859e-05,0.0003,0.2,704.8544727802276
17287,201.98,-1255.54,833536,48,407,478.58544921875,0.0,-0.043525541381677614,4060,0.9673489332199097,-2.2491912386612966e-05,1.4962716e-06,0.0003,0.2,837.1686225891114
17370,201.84,-1256.33,835584,48,408,533.8421020507812,0.0,-0.04483788404613733,4070,0.9530718922615051,-5.125221468915697e-05,3.7755228e-06,0.0003,0.2,1026.8245157241822
17462,201.22,-1246.74,837632,47,409,370.9602966308594,0.0,-0.04649887124542147,4080,0.9556502103805542,-1.5132702537812293e-05,1.6644136e-06,0.0003,0.2,918.693009853363
17545,200.38,-1232.0,839680,47,410,229.89808654785156,0.0,-0.03985906162415631,4090,0.9660559892654419,-3.826995016424917e-05,3.9783426e-06,0.0003,0.2,703.1450475215912
17629,201.56,-1254.2,841728,47,411,298.69677734375,0.0,-0.04298008559271693,4100,0.9496099352836609,-0.00020162190558039583,1.8075596e-05,0.0003,0.2,862.0466443538666
17713,200.78,-1242.0,843776,47,412,594.2432250976562,0.0,-0.04655067001003772,4110,0.9615775942802429,-9.967862060875632e-05,1.1931967e-05,0.0003,0.2,819.5221852302551
17798,200.98,-1244.34,845824,47,413,294.44757080078125,0.0,-0.04496860758517869,4120,0.9649679660797119,-4.883281071670354e-05,4.7243357e-06,0.0003,0.2,768.0272341251373
17883,201.51,-1253.96,847872,47,414,429.2413635253906,0.0,-0.04584643174894154,4130,0.96902996301651,-2.3759192117722705e-05,3.1397722e-06,0.0003,0.2,581.1411065578461
17968,201.88,-1261.9,849920,47,415,250.6388397216797,0.0,-0.047084157489007336,4140,0.973086953163147,-0.00014034649939276278,1.9481118e-05,0.0003,0.2,592.8006579875946
18061,201.65,-1256.63,851968,47,416,496.54522705078125,0.0,-0.046253208589041604,4150,0.9752255082130432,-0.00011374574824003502,9.432683e-06,0.0003,0.2,704.9728949069977
18139,202.49,-1273.72,854016,47,417,323.543701171875,0.0,-0.044625225267373024,4160,0.9733346700668335,-4.5469117321772504e-05,4.5151864e-06,0.0003,0.2,575.308352279663
18232,202.36,-1270.16,856064,46,418,244.56748962402344,0.0,-0.04730184201616794,4170,0.9670997262001038,-7.744794347672724e-05,1.0013653e-05,0.0003,0.2,734.0459711551666
18319,202.92,-1280.21,858112,46,419,187.67071533203125,0.0,-0.045916839747224006,4180,0.9756068587303162,-3.838909324258566e-05,3.5233572e-06,0.0003,0.2,560.03362326622
18405,203.5,-1291.6,860160,46,420,192.70077514648438,0.0,-0.04383669941453263,4190,0.975326418876648,-1.2195038289064542e-05,6.5449035e-07,0.0003,0.2,558.1250792026519
18484,203.66,-1292.83,862208,46,421,199.4658203125,0.0,-0.04730345662683248,4200,0.9582055807113647,-4.301155568100512e-05,5.8108108e-06,0.0003,0.2,948.5182816505433
18578,203.95,-1298.17,864256,46,422,351.5798034667969,0.0,-0.04719356314162724,4210,0.9692232012748718,-0.00012778085583704525,1.8762752e-05,0.0003,0.2,584.4437073230744
18664,203.94,-1298.39,866304,46,423,316.13873291015625,0.0,-0.04401584857841954,4220,0.9710444211959839,-7.313823880394921e-05,3.912208e-06,0.0003,0.2,636.2130130767822
18751,204.17,-1301.52,868352,46,424,340.8205261230469,0.0,-0.042866058842628264,4230,0.9763574600219727,-3.6727645056089384e-05,2.0834636e-06,0.0003,0.2,590.7367654800415
18838,203.73,-1292.79,870400,46,425,284.5057678222656,0.0,-0.04555398877128027,4240,0.9774185419082642,-6.6664566838881e-05,7.589004e-06,0.0003,0.2,583.8148858070374
18925,204.13,-1303.14,872448,46,426,352.166259765625,0.0,-0.04543594673741609,4250,0.9716654419898987,-0.0002342444255191367,2.584914e-05,0.0003,0.2,628.4447820186615
19013,203.76,-1294.5,874496,45,427,142.7774200439453,0.0,-0.046425649448065084,4260,0.9759076833724976,-0.0002645144402777078,4.8092093e-05,0.0003,0.2,560.029669380188
19100,204.11,-1300.36,876544,45,428,177.74908447265625,0.0,-0.045756545226322484,4270,0.9788550734519958,-8.716906449990347e-06,2.1870744e-07,0.0003,0.2,531.3689886569977
19188,204.4,-1306.59,878592,45,429,343.8156433105469,0.0,-0.04381714364863001,4280,0.972749650478363,-5.8595203881850464e-06,9.847789e-07,0.0003,0.2,582.4381051063538
19276,203.9,-1296.92,880640,45,430,184.59780883789062,0.0,-0.0453487760736607,4290,0.9514355063438416,-0.00023378978330583776,1.9773555e-05,0.0003,0.2,1017.1067602157593
19364,203.01,-1282.0,882688,45,431,340.1712341308594,0.0,-0.04840196208679117,4300,0.9681684970855713,-0.0003480653635051567,6.6316155e-05,0.0003,0.2,682.9768803119659
19460,202.5,-1272.66,884736,45,432,250.42080688476562,0.0,-0.04622464501298964,4310,0.9617099165916443,-0.0002142060737241991,3.3142398e-05,0.0003,0.2,599.3977456331253
19549,203.14,-1284.89,886784,45,433,291.3092041015625,0.0,-0.04390559619641863,4320,0.9626865983009338,-8.211356907850132e-06,4.2153044e-07,0.0003,0.2,858.6187554836273
19638,202.88,-1276.63,888832,45,434,262.40814208984375,0.0,-0.04784718248993158,4330,0.9602871537208557,-0.00010871687263716012,8.3557525e-06,0.0003,0.2,707.1913491725921
19727,202.89,-1274.52,890880,45,435,332.41204833984375,0.0,-0.0436989032314159,4340,0.9728711247444153,-0.0005895512316783424,7.488836e-05,0.0003,0.2,535.6535489559174
19817,202.87,-1270.38,892928,45,436,224.04437255859375,0.0,-0.039763157453853636,4350,0.976338267326355,-0.0002311813601409085,3.416338e-05,0.0003,0.2,479.8588547229767
19906,202.9,-1269.16,894976,44,437,159.72933959960938,0.0,-0.04515061835409142,4360,0.9720650911331177,-0.0001117525313020451,1.5588703e-05,0.0003,0.2,590.4074321746826
19996,202.74,-1267.46,897024,44,438,495.4016418457031,0.0,-0.04413090899470262,4370,0.9533267021179199,-3.53143310348969e-05,1.8810814e-06,0.0003,0.2,916.283281993866
20087,201.74,-1247.97,899072,44,439,552.7406005859375,0.0,-0.04506911654607393,4380,0.960472583770752,-3.510742608341389e-05,5.5495198e-06,0.0003,0.2,844.3976196289062
20185,201.47,-1243.15,901120,44,440,173.21060180664062,0.0,-0.040472015406703574,4390,0.9746319055557251,-2.014273559325375e-06,1.169702e-06,0.0003,0.2,534.4956157684326
20276,202.31,-1258.93,903168,44,441,301.40740966796875,0.0,-0.04387697442434728,4400,0.972217857837677,-6.877420964883641e-05,7.927352e-06,0.0003,0.2,670.630741405487
20359,203.18,-1275.25,905216,44,442,470.18341064453125,0.0,-0.04432991506764665,4410,0.9591559171676636,-0.00021260071080178022,3.7468693e-05,0.0003,0.2,786.0283513069153
20450,203.32,-1278.49,907264,44,443,218.4813232421875,0.0,-0.046529264969285576,4420,0.9612094163894653,-0.0003033191329450347,2.5484456e-05,0.0003,0.2,801.2632065296173
20549,202.74,-1271.34,909312,44,444,532.9392700195312,0.0,-0.0458946016326081,4430,0.9647207260131836,-8.554430824005976e-05,1.3749515e-05,0.0003,0.2,661.1645348072052
20641,202.64,-1269.73,911360,44,445,239.89552307128906,0.0,-0.042321438319049776,4440,0.9696550965309143,-0.00014674566882604266,1.0849966e-05,0.0003,0.2,691.2875412940979
20732,202.9,-1276.01,913408,44,446,201.007568359375,0.0,-0.04056552811525762,4450,0.9746382236480713,-2.8764375383616424e-05,3.677234e-06,0.0003,0.2,605.9151763916016
20825,202.69,-1273.08,915456,43,447,254.4560546875,0.0,-0.04536038623773493,4460,0.9644702672958374,-0.000113165975199081,2.6691472e-05,0.0003,0.2,766.3441450119019
20917,203.16,-1280.75,917504,43,448,251.74241638183594,0.0,-0.04652897035120986,4470,0.9631487131118774,-7.463676229235716e-05,9.265654e-06,0.0003,0.2,674.5869129180908
21009,203.95,-1295.07,919552,43,449,151.77342224121094,0.0,-0.04468044551322237,4480,0.9644123315811157,-0.00016430661271442658,4.2227994e-06,0.0003,0.2,824.3518507003785
21101,203.72,-1289.25,921600,43,450,252.66722106933594,0.0,-0.04292566612130031,4490,0.9704127907752991,-3.752836346393451e-05,1.9950994e-06,0.0003,0.2,657.9983547210693
21194,203.59,-1286.1,923648,43,451,223.1949462890625,0.0,-0.042428411525907,4500,0.9728178977966309,-5.6428780044370794e-05,8.673998e-06,0.0003,0.2,576.275394821167
21287,203.02,-1274.91,925696,43,452,138.5694580078125,0.0,-0.043668801913736385,4510,0.970460832118988,-0.00011302476086711976,1.7178823e-05,0.0003,0.2,619.3737334728241
21380,202.59,-1266.92,927744,43,453,600.1341552734375,0.0,-0.04244765820913017,4520,0.9676417708396912,-2.226793149020523e-05,1.3297249e-06,0.0003,0.2,679.532041501999
21473,203.37,-1281.55,929792,43,454,286.98486328125,0.0,-0.04395556224626489,4530,0.9743757247924805,-0.00025958169244404415,3.704349e-05,0.0003,0.2,530.0094267845154
21575,202.95,-1274.61,931840,43,455,158.67938232421875,0.0,-0.04617972876876593,4540,0.963034451007843,-8.384868124267086e-05,3.324412e-06,0.0003,0.2,714.6653742313385
21669,202.68,-1270.26,933888,43,456,157.89523315429688,0.0,-0.04062423951691017,4550,0.9733374714851379,-5.580307188211009e-05,8.473479e-06,0.0003,0.2,588.7056002140046
21763,202.06,-1257.02,935936,43,457,339.7747497558594,0.0,-0.04301826928858645,4560,0.967580258846283,-6.912047902005725e-05,9.9941535e-06,0.0003,0.2,681.4598899841309
21858,202.13,-1259.92,937984,42,458,221.47210693359375,0.0,-0.04331873866030946,4570,0.9750069379806519,-4.9517535080667586e-05,6.585065e-06,0.0003,0.2,463.9478906154633
21952,202.15,-1258.23,940032,42,459,283.4403381347656,0.0,-0.043474313418846576,4580,0.9573392271995544,-0.00013251179079816212,2.2924409e-05,0.0003,0.2,868.7184496879578
22054,201.77,-1252.09,942080,42,460,82.4357681274414,0.0,-0.04578757615527138,4590,0.9734790921211243,-4.186204241705127e-05,3.0200597e-06,0.0003,0.2,471.9761605024338
22149,202.12,-1256.91,944128,42,461,359.28521728515625,0.0,-0.042176318680867554,4600,0.9704554677009583,-0.00012592421844601632,2.4250767e-05,0.0003,0.2,601.7289790630341
22244,201.85,-1249.72,946176,42,462,229.40786743164062,0.0,-0.04332421732833609,4610,0.962634265422821,-0.0002079698271700181,3.3258715e-05,0.0003,0.2,783.8187718868255
22339,202.13,-1251.99,948224,42,463,191.01571655273438,0.0,-0.04083773948077578,4620,0.9759690761566162,-4.791335013578646e-05,3.9812157e-06,0.0003,0.2,553.7785749435425
22435,201.53,-1241.34,950272,42,464,238.08912658691406,0.0,-0.04386865328415297,4630,0.9649386405944824,-4.147250801906921e-05,1.117051e-06,0.0003,0.2,671.8743752956391
22530,201.69,-1245.04,952320,42,465,261.2798767089844,0.0,-0.0430939823621884,4640,0.9620731472969055,-3.498751648294274e-05,2.7522779e-06,0.0003,0.2,662.5991307258606
22626,201.69,-1245.84,954368,42,466,301.125,0.0,-0.04282005293644033,4650,0.9704422354698181,-8.55534464790253e-05,1.5459002e-05,0.0003,0.2,523.1996387481689
22722,201.88,-1247.85,956416,42,467,229.230712890625,0.0,-0.04212526950868778,4660,0.9624516367912292,-8.828243662719614e-05,9.699839e-06,0.0003,0.2,780.667702293396
22818,202.18,-1252.99,958464,42,468,198.48048400878906,0.0,-0.0417997888638638,4670,0.9663029909133911,-5.414662955445237e-05,4.3672e-06,0.0003,0.2,731.794158744812
22923,201.95,-1248.56,960512,41,469,184.24917602539062,0.0,-0.04223945770063438,4680,0.9646695256233215,-2.341294639336411e-05,1.233433e-06,0.0003,0.2,684.7390075683594
23020,202.14,-1251.82,962560,41,470,565.6818237304688,0.0,-0.04473564158543013,4690,0.9672039151191711,-5.177728489798028e-05,3.5466048e-06,0.0003,0.2,764.2595171928406
23117,201.89,-1248.13,964608,41,471,157.62881469726562,0.0,-0.0421162833517883,4700,0.9766114950180054,-0.0003082337170781102,4.508904e-05,0.0003,0.2,498.88157687187197
23214,201.96,-1250.82,966656,41,472,451.5420837402344,0.0,-0.04524715199368075,4710,0.9691904783248901,-5.935294393566437e-05,4.9801274e-06,0.0003,0.2,747.9635081291199
23311,201.92,-1250.38,968704,41,473,129.04925537109375,0.0,-0.04089035909273662,4720,0.9679007530212402,-3.343975076859351e-05,6.809456e-06,0.0003,0.2,512.2116639137269
23409,202.46,-1261.36,970752,41,474,179.7561492919922,0.0,-0.044345970015274364,4730,0.9727051258087158,-3.96913819713518e-06,1.2345447e-06,0.0003,0.2,570.916153383255
23507,202.74,-1265.87,972800,41,475,426.22119140625,0.0,-0.04472119939164258,4740,0.9564031362533569,-0.0001686088267888408,1.6033486e-05,0.0003,0.2,776.7627822875977
23605,202.96,-1268.73,974848,41,476,315.3877258300781,0.0,-0.043628785671899095,4750,0.972499430179596,3.7817280826857314e-06,1.9498918e-07,0.0003,0.2,625.7623902797699
23703,203.05,-1272.59,976896,41,477,233.8979949951172,0.0,-0.04454566951608285,4760,0.9660947918891907,-9.09695776499575e-05,1.201378e-05,0.0003,0.2,647.7626018047333
23811,202.5,-1262.77,978944,41,478,207.26312255859375,0.0,-0.04702381396200508,4770,0.9743848443031311,-0.00011064081954827997,3.937842e-06,0.0003,0.2,580.7389969825745
23909,203.21,-1277.58,980992,41,479,310.8550109863281,0.0,-0.04476653447491117,4780,0.9791513085365295,-9.193870428134688e-05,1.8374994e-05,0.0003,0.2,509.1182225227356
23999,203.52,-1284.05,983040,40,480,231.10545349121094,0.0,-0.04647652971907519,4790,0.9716790914535522,-7.473303412552923e-06,1.3987449e-07,0.0003,0.2,648.5915102958679
24107,203.45,-1284.34,985088,40,481,162.55931091308594,0.0,-0.04392728082602844,4800,0.9725175499916077,-7.600357421324588e-05,1.3871133e-05,0.0003,0.2,595.2425502300263
24206,203.35,-1283.55,987136,40,482,298.75067138671875,0.0,-0.04276294456794858,4810,0.9636525511741638,-0.00010399533675808925,1.3649014e-05,0.0003,0.2,640.5795166969299
24306,202.84,-1274.5,989184,40,483,144.52117919921875,0.0,-0.04111211588024162,4820,0.9774867296218872,-7.872419519117103e-06,3.496752e-07,0.0003,0.2,444.55348963737487
24405,202.37,-1264.62,991232,40,484,249.24339294433594,0.0,-0.0422786922135856,4830,0.9662312269210815,-0.0002078573867038358,3.3735094e-05,0.0003,0.2,730.0401723861694
24515,201.97,-1259.43,993280,40,485,198.2168426513672,0.0,-0.04691145973629318,4840,0.9713491797447205,-9.32238490349846e-06,2.4407248e-06,0.0003,0.2,518.663973236084
24614,201.51,-1249.96,995328,40,486,169.27197265625,0.0,-0.04508143347047735,4850,0.9793515205383301,-9.362067503388971e-05,1.5599171e-05,0.0003,0.2,544.3340707302093
24715,201.51,-1251.08,997376,40,487,215.8007049560547,0.0,-0.04028558421705384,4860,0.9720389246940613,-9.18136167456396e-05,1.1024738e-05,0.0003,0.2,541.1296724796296
24817,201.38,-1251.36,999424,40,488,165.3866729736328,0.0,-0.0409532398392912,4870,0.9704978466033936,-9.245606233889702e-05,7.909632e-06,0.0003,0.2,720.4883961677551
24917,200.79,-1237.6,1001472,40,489,357.9051208496094,0.0,-0.04497921126312576,4880,0.9699310064315796,-9.080605741473846e-05,9.723453e-06,0.0003,0.2,669.1961959838867
